{
    "model_positives": 143,
    "bloom_positives": 53,
    "total_positives": 196,
    "num_successful_urls": 1024,
    "failed_urls": [],
    "timing": {
        "total_preprocessing_time": 1.7011165618896484,
        "preprocessing_time_per_url": 0.0016612466424703598,
        "warmup_batch_time": 61.86389923095703,
        "moving_tensor_to_device_per_batch_time_list": [
            0.8881092071533203,
            0.41604042053222656,
            0.4329681396484375,
            0.4000663757324219,
            0.4000663757324219,
            0.4100799560546875,
            0.7460117340087891,
            0.41604042053222656,
            0.4069805145263672,
            0.3757476806640625,
            0.37384033203125,
            0.3809928894042969,
            0.3509521484375,
            0.3910064697265625,
            0.3657341003417969,
            0.3948211669921875
        ],
        "inference_per_batch_time_list": [
            52.28018760681152,
            17.132043838500977,
            17.216920852661133,
            17.026901245117188,
            17.28987693786621,
            17.06695556640625,
            17.841100692749023,
            17.137765884399414,
            17.102718353271484,
            16.754150390625,
            17.647981643676758,
            16.700029373168945,
            16.78013801574707,
            16.679048538208008,
            16.5102481842041,
            16.885042190551758
        ],
        "overflow_bloom_filter_per_batch_time_list": [
            0.16808509826660156,
            0.10800361633300781,
            0.10585784912109375,
            0.09393692016601562,
            0.13709068298339844,
            0.13375282287597656,
            0.10824203491210938,
            0.11181831359863281,
            0.1010894775390625,
            0.11396408081054688,
            0.10800361633300781,
            0.09822845458984375,
            0.10323524475097656,
            0.10704994201660156,
            0.10704994201660156,
            0.09989738464355469
        ],
        "batch_total_latency_per_batch_time_list": [
            53.43317985534668,
            17.683982849121094,
            17.773866653442383,
            17.539024353027344,
            17.904043197631836,
            17.66180992126465,
            18.738269805908203,
            17.700910568237305,
            17.632007598876953,
            17.26078987121582,
            18.164873123168945,
            17.19808578491211,
            17.250776290893555,
            17.203807830810547,
            16.998767852783203,
            17.40574836730957
        ]
    },
    "size_metrics": {
        "model_size_bytes": 20132,
        "overflow_bloom_filter_size_bytes": 6137,
        "traditional_bloom_filter_size_bytes": 22462.584307360594
    },
    "traditional_bloom": {
        "traditional_bloom_positives": 197,
        "timing": {
            "total_time": 1.7790794372558594,
            "time_per_url": 0.0017373822629451752,
            "urls_per_second": 575578.5708925221
        }
    },
    "batch_size": 64,
    "sample_size": 1024
}