{
    "model_positives": 147,
    "bloom_positives": 38,
    "total_positives": 185,
    "num_successful_urls": 1024,
    "failed_urls": [],
    "timing": {
        "total_preprocessing_time": 1.756906509399414,
        "preprocessing_time_per_url": 0.0017157290130853653,
        "warmup_batch_time": 65.76395034790039,
        "moving_tensor_to_device_per_batch_time_list": [
            0.7038116455078125,
            0.270843505859375,
            0.286102294921875,
            0.28228759765625,
            0.26702880859375,
            0.26488304138183594,
            0.308990478515625,
            0.2651214599609375,
            0.27489662170410156,
            0.21791458129882812,
            0.23603439331054688,
            0.3490447998046875,
            0.26607513427734375,
            0.2579689025878906,
            0.21505355834960938,
            0.27298927307128906,
            0.2639293670654297,
            0.26607513427734375,
            0.27298927307128906,
            0.26297569274902344,
            0.49114227294921875,
            0.2560615539550781,
            0.25010108947753906,
            0.2639293670654297,
            0.23984909057617188,
            0.27871131896972656,
            0.2560615539550781,
            0.2639293670654297,
            0.2720355987548828,
            0.28896331787109375,
            0.28228759765625,
            0.25177001953125,
            0.2701282501220703,
            0.25177001953125,
            0.308990478515625,
            0.2701282501220703,
            0.24890899658203125,
            0.2779960632324219,
            0.28705596923828125,
            0.24390220642089844,
            0.2579689025878906,
            0.21886825561523438,
            0.2837181091308594,
            0.27298927307128906,
            0.2579689025878906,
            0.2529621124267578,
            0.2548694610595703,
            0.26226043701171875,
            0.26106834411621094,
            0.2560615539550781,
            0.28896331787109375,
            0.26702880859375,
            0.2601146697998047,
            0.26798248291015625,
            0.28705596923828125,
            0.30684471130371094,
            0.2701282501220703,
            0.23508071899414062,
            0.21767616271972656,
            0.2880096435546875,
            0.2770423889160156,
            0.23818016052246094,
            0.2541542053222656,
            0.28395652770996094
        ],
        "inference_per_batch_time_list": [
            53.33399772644043,
            17.60721206665039,
            16.60609245300293,
            16.879796981811523,
            17.00615882873535,
            16.833066940307617,
            16.8917179107666,
            16.908884048461914,
            17.647743225097656,
            17.24720001220703,
            17.348766326904297,
            17.33708381652832,
            16.74795150756836,
            17.042875289916992,
            17.505884170532227,
            16.75701141357422,
            17.117023468017578,
            16.978979110717773,
            16.395092010498047,
            16.888141632080078,
            16.74175262451172,
            16.618967056274414,
            17.26698875427246,
            17.04692840576172,
            16.948223114013672,
            16.938209533691406,
            16.62302017211914,
            16.674041748046875,
            17.37213134765625,
            17.038822174072266,
            16.60895347595215,
            16.714096069335938,
            16.785860061645508,
            16.929149627685547,
            17.071247100830078,
            17.042875289916992,
            16.941070556640625,
            16.65496826171875,
            16.65782928466797,
            16.437053680419922,
            17.255067825317383,
            19.69599723815918,
            18.253087997436523,
            16.93892478942871,
            16.855955123901367,
            16.623258590698242,
            16.730785369873047,
            17.4100399017334,
            16.87312126159668,
            17.0590877532959,
            16.72816276550293,
            16.91889762878418,
            17.219066619873047,
            16.825199127197266,
            16.70694351196289,
            17.572879791259766,
            18.474102020263672,
            17.776966094970703,
            17.1201229095459,
            17.08388328552246,
            17.17686653137207,
            16.949892044067383,
            16.74509048461914,
            16.9069766998291
        ],
        "overflow_bloom_filter_per_batch_time_list": [
            0.07009506225585938,
            0.04100799560546875,
            0.027894973754882812,
            0.029087066650390625,
            0.05602836608886719,
            0.03504753112792969,
            0.027894973754882812,
            0.04506111145019531,
            0.03981590270996094,
            0.0438690185546875,
            0.04315376281738281,
            0.03886222839355469,
            0.028848648071289062,
            0.04100799560546875,
            0.0400543212890625,
            0.04029273986816406,
            0.06175041198730469,
            0.03600120544433594,
            0.028133392333984375,
            0.030994415283203125,
            0.025987625122070312,
            0.03170967102050781,
            0.041961669921875,
            0.03910064697265625,
            0.06031990051269531,
            0.03600120544433594,
            0.032901763916015625,
            0.03504753112792969,
            0.04696846008300781,
            0.03886222839355469,
            0.03695487976074219,
            0.0400543212890625,
            0.033855438232421875,
            0.029325485229492188,
            0.03886222839355469,
            0.04076957702636719,
            0.031948089599609375,
            0.03314018249511719,
            0.0362396240234375,
            0.035762786865234375,
            0.051021575927734375,
            0.03814697265625,
            0.03910064697265625,
            0.0400543212890625,
            0.03504753112792969,
            0.03361701965332031,
            0.04100799560546875,
            0.041961669921875,
            0.03504753112792969,
            0.036716461181640625,
            0.03361701965332031,
            0.041961669921875,
            0.04291534423828125,
            0.03504753112792969,
            0.04410743713378906,
            0.03600120544433594,
            0.0457763671875,
            0.0400543212890625,
            0.03886222839355469,
            0.04506111145019531,
            0.03910064697265625,
            0.049114227294921875,
            0.04291534423828125,
            0.04315376281738281
        ],