{
    "model_positives": 153,
    "bloom_positives": 49,
    "total_positives": 202,
    "num_successful_urls": 1024,
    "failed_urls": [],
    "timing": {
        "total_preprocessing_time": 1.8038749694824219,
        "preprocessing_time_per_url": 0.0017615966498851776,
        "warmup_batch_time": 62.86811828613281,
        "moving_tensor_to_device_per_batch_time_list": [
            0.9388923645019531,
            0.3380775451660156,
            0.2949237823486328,
            0.2827644348144531,
            0.2868175506591797,
            0.3199577331542969,
            0.31113624572753906,
            0.2989768981933594,
            0.33211708068847656,
            0.2968311309814453,
            0.3230571746826172,
            0.3063678741455078,
            0.33164024353027344,
            0.3001689910888672,
            0.29206275939941406,
            0.3199577331542969,
            0.31280517578125,
            0.3910064697265625,
            0.28705596923828125,
            0.4620552062988281,
            0.2949237823486328,
            0.3170967102050781,
            0.2999305725097656,
            0.31685829162597656,
            0.2968311309814453,
            0.2758502960205078,
            0.324249267578125,
            0.263214111328125,
            0.45609474182128906,
            0.34308433532714844,
            0.28896331787109375,
            0.29206275939941406
        ],
        "inference_per_batch_time_list": [
            52.61087417602539,
            17.05789566040039,
            16.73412322998047,
            17.258167266845703,
            18.065214157104492,
            17.297029495239258,
            16.847848892211914,
            17.529726028442383,
            16.684770584106445,
            16.78323745727539,
            17.731904983520508,
            16.58797264099121,
            16.78633689880371,
            17.372846603393555,
            16.827821731567383,
            17.021894454956055,
            17.814159393310547,
            17.138004302978516,
            16.68095588684082,
            16.96491241455078,
            16.861915588378906,
            16.585826873779297,
            17.16303825378418,
            17.06695556640625,
            16.862154006958008,
            17.013072967529297,
            17.014026641845703,
            17.08078384399414,
            17.148733139038086,
            17.197132110595703,
            16.890287399291992,
            16.882896423339844
        ],
        "overflow_bloom_filter_per_batch_time_list": [
            0.09608268737792969,
            0.05793571472167969,
            0.05125999450683594,
            0.06198883056640625,
            0.06103515625,
            0.053882598876953125,
            0.05602836608886719,
            0.05602836608886719,
            0.052928924560546875,
            0.049114227294921875,
            0.10180473327636719,
            0.051975250244140625,
            0.05507469177246094,
            0.054836273193359375,
            0.0858306884765625,
            0.06699562072753906,
            0.07295608520507812,
            0.06890296936035156,
            0.055789947509765625,
            0.06079673767089844,
            0.06699562072753906,
            0.10395050048828125,
            0.05888938903808594,
            0.054836273193359375,
            0.05984306335449219,
            0.06604194641113281,
            0.05793571472167969,
            0.06175041198730469,
            0.06794929504394531,
            0.06127357482910156,
            0.06508827209472656,
            0.05817413330078125
        ],
        "batch_total_latency_per_batch_time_list": [
            53.75170707702637,
            17.489194869995117,
            17.094135284423828,
            17.6389217376709,
            18.449068069458008,
            17.69280433654785,
            17.237186431884766,
            17.9140567779541,
            17.0900821685791,
            17.14301109313965,
            18.196821212768555,
            16.96324348449707,
            17.187833786010742,
            17.746925354003906,
            17.22097396850586,
            17.441987991333008,
            18.252849578857422,
            17.635107040405273,
            17.041921615600586,
            17.51708984375,
            17.240047454833984,
            17.02094078063965,
            17.555952072143555,
            17.47298240661621,
            17.248868942260742,
            17.385005950927734,
            17.420053482055664,
            17.4410343170166,
            17.711877822875977,
            17.638206481933594,
            17.2882080078125,
            17.263174057006836
        ]
    },
    "size_metrics": {
        "model_size_bytes": 20132,
        "overflow_bloom_filter_size_bytes": 6137,
        "traditional_bloom_filter_size_bytes": 22462.584307360594
    },
    "traditional_bloom": {
        "traditional_bloom_positives": 201,
        "timing": {
            "total_time": 1.8169879913330078,
            "time_per_url": 0.0017744023352861404,
            "urls_per_second": 563570.0427765385
        }
    },
    "batch_size": 32,
    "sample_size": 1024
}