{
    "model_positives": 84,
    "bloom_positives": 4,
    "total_positives": 88,
    "failed_urls": [],
    "successful_urls": 1000,
    "timing": {
        "preprocessing_time": 2.207040786743164,
        "inference_time": 2799.6878623962402,
        "bloom_filter_time": 5.685329437255859,
        "total_time": 2939.0687942504883,
        "warmup_time": 70.29390335083008,
        "preprocessing_per_url": 0.002207040786743164,
        "inference_per_url": 2.7996878623962402,
        "bloom_filter_per_url": 0.005685329437255859,
        "total_per_url": 2.9390687942504883
    },
    "batch_latencies": [
        63.46607208251953,
        21.488189697265625,
        21.977901458740234,
        20.398855209350586,
        22.542953491210938,
        20.752668380737305,
        19.467830657958984,
        20.505905151367188,
        19.087791442871094,
        20.25127410888672,
        18.73183250427246,
        18.42522621154785,
        18.617868423461914,
        19.085168838500977,
        18.779993057250977,
        18.858909606933594,
        18.66602897644043,
        18.4938907623291,
        18.48316192626953,
        18.717050552368164,
        18.52893829345703,
        18.681764602661133,
        18.738985061645508,
        18.72730255126953,
        18.641948699951172,
        18.579959869384766,
        18.864870071411133,
        18.43714714050293,
        18.609285354614258,
        19.687891006469727,
        19.311189651489258,
        19.902944564819336,
        19.33884620666504,
        18.631935119628906,
        18.963098526000977,
        18.954992294311523,
        18.973112106323242,
        20.082950592041016,
        20.12324333190918,
        18.90397071838379,
        19.64116096496582,
        19.05512809753418,
        19.484758377075195,
        19.694805145263672,
        22.15409278869629,
        20.219802856445312,
        18.878936767578125,
        18.741130828857422,
        18.460988998413086,
        18.428802490234375,
        18.697261810302734,
        18.8748836517334,
        18.489837646484375,
        18.679141998291016,
        18.479108810424805,
        18.451929092407227,
        18.808841705322266,
        25.842905044555664,
        63.54117393493652,
        24.326086044311523,
        20.89691162109375,
        31.772375106811523,
        22.108793258666992,
        34.92403030395508,
        42.797088623046875,
        81.64405822753906,
        65.33002853393555,
        21.79408073425293,
        22.36485481262207,
        33.11729431152344,
        20.073890686035156,
        21.883726119995117,
        22.890090942382812,
        34.828901290893555,
        25.879859924316406,
        21.934032440185547,
        21.052837371826172,
        22.085189819335938,
        20.350933074951172,
        19.548892974853516,
        20.945072174072266,
        20.0498104095459,
        20.492076873779297,
        19.53911781311035,
        20.33519744873047,
        19.41823959350586,
        19.780874252319336,
        21.332979202270508,
        21.976232528686523,
        19.85311508178711,
        22.684335708618164,
        23.247718811035156,
        20.49994468688965,
        22.91417121887207,
        20.15995979309082,
        19.173860549926758,
        19.162893295288086,
        21.73614501953125,
        22.224903106689453,
        19.462108612060547,
        22.368907928466797,
        21.121740341186523,
        22.881031036376953,
        29.20699119567871,
        21.863937377929688,
        21.857023239135742,
        20.01500129699707,
        21.07715606689453,
        20.14899253845215,
        23.13089370727539,
        22.841691970825195,
        19.55413818359375,
        21.610021591186523,
        20.319461822509766,
        24.968862533569336,
        24.306058883666992,
        29.00099754333496,
        24.554014205932617,
        20.250797271728516,
        22.750139236450195,
        21.972179412841797,
        23.50592613220215,
        21.2857723236084,
        23.457050323486328,
        24.656057357788086
    ],
    "batch_stats": {
        "min_latency": 18.42522621154785,
        "max_latency": 81.64405822753906,
        "avg_latency": 22.77924156188965,
        "median_latency": 20.250797271728516,
        "p95_latency": 34.486579895019524,
        "p99_latency": 64.9007034301758,
        "std_dev": 9.178292051219737
    },
    "batch_size": 8,
    "sample_size": 1000
}