{
    "model_positives": 84,
    "bloom_positives": 6,
    "total_positives": 90,
    "failed_urls": [],
    "successful_urls": 1000,
    "timing": {
        "preprocessing_time": 1.9030570983886719,
        "inference_time": 213.11235427856445,
        "bloom_filter_time": 2.9375553131103516,
        "total_time": 307.3551654815674,
        "warmup_time": 71.32315635681152,
        "preprocessing_per_url": 0.0019030570983886719,
        "inference_per_url": 0.21311235427856445,
        "bloom_filter_per_url": 0.0029375553131103516,
        "total_per_url": 0.3073551654815674
    },
    "batch_latencies": [
        59.24510955810547,
        20.40719985961914,
        19.463777542114258,
        19.459009170532227,
        19.24586296081543,
        19.31595802307129,
        19.217967987060547,
        45.169830322265625
    ],
    "batch_stats": {
        "min_latency": 19.217967987060547,
        "max_latency": 59.24510955810547,
        "avg_latency": 27.690589427947998,
        "median_latency": 19.461393356323242,
        "p95_latency": 54.318761825561516,
        "p99_latency": 58.25984001159667,
        "std_dev": 14.589944671682852
    },
    "batch_size": 128,
    "sample_size": 1000
}