{
    "model_positives": 97,
    "bloom_positives": 5,
    "total_positives": 102,
    "failed_urls": [],
    "successful_urls": 1000,
    "timing": {
        "preprocessing_time": 2.101898193359375,
        "inference_time": 1229.8545837402344,
        "bloom_filter_time": 3.5974979400634766,
        "total_time": 1345.1378345489502,
        "warmup_time": 73.73905181884766,
        "preprocessing_per_url": 0.002101898193359375,
        "inference_per_url": 1.2298545837402344,
        "bloom_filter_per_url": 0.0035974979400634766,
        "total_per_url": 1.3451378345489502
    },
    "batch_latencies": [
        59.31901931762695,
        18.923044204711914,
        18.3560848236084,
        18.343210220336914,
        18.973827362060547,
        18.893957138061523,
        19.272804260253906,
        18.856048583984375,
        18.79119873046875,
        19.284963607788086,
        19.10090446472168,
        19.41514015197754,
        18.5699462890625,
        18.443822860717773,
        18.496990203857422,
        18.867969512939453,
        18.946170806884766,
        18.508195877075195,
        19.03390884399414,
        18.190860748291016,
        18.22805404663086,
        18.474817276000977,
        18.15009117126465,
        19.392013549804688,
        20.35999298095703,
        19.6988582611084,
        19.720077514648438,
        19.231081008911133,
        18.498659133911133,
        18.419981002807617,
        19.05512809753418,
        18.950700759887695,
        18.629074096679688,
        18.20516586303711,
        19.030094146728516,
        18.82004737854004,
        18.619060516357422,
        20.38407325744629,
        18.52107048034668,
        19.299983978271484,
        18.48602294921875,
        18.249988555908203,
        19.657373428344727,
        20.60985565185547,
        20.692825317382812,
        18.387317657470703,
        19.15597915649414,
        18.550872802734375,
        18.696308135986328,
        18.188953399658203,
        18.79405975341797,
        19.356966018676758,
        18.476009368896484,
        18.442869186401367,
        18.197059631347656,
        18.962860107421875,
        18.54109764099121,
        18.40686798095703,
        18.651723861694336,
        18.301010131835938,
        18.17488670349121,
        18.39733123779297,
        45.389652252197266
    ],
    "batch_stats": {
        "min_latency": 18.15009117126465,
        "max_latency": 59.31901931762695,
        "avg_latency": 19.92133307078528,
        "median_latency": 18.79119873046875,
        "p95_latency": 20.58727741241455,
        "p99_latency": 50.68281173706058,
        "std_dev": 6.031148382966031
    },
    "batch_size": 16,
    "sample_size": 1000
}