{
    "model_positives": 94,
    "bloom_positives": 9,
    "total_positives": 103,
    "failed_urls": [],
    "successful_urls": 1000,
    "timing": {
        "preprocessing_time": 2.0186901092529297,
        "inference_time": 164.55507278442383,
        "bloom_filter_time": 3.2198429107666016,
        "total_time": 319.48280334472656,
        "warmup_time": 130.6917667388916,
        "preprocessing_per_url": 0.0020186901092529297,
        "inference_per_url": 0.16455507278442383,
        "bloom_filter_per_url": 0.0032198429107666016,
        "total_per_url": 0.31948280334472656
    },
    "batch_latencies": [
        69.32210922241211,
        26.85689926147461,
        21.596908569335938,
        55.10401725769043
    ],
    "batch_stats": {
        "min_latency": 21.596908569335938,
        "max_latency": 69.32210922241211,
        "avg_latency": 43.21998357772827,
        "median_latency": 40.98045825958252,
        "p95_latency": 67.18939542770386,
        "p99_latency": 68.89556646347046,
        "std_dev": 19.734862051942017
    },
    "batch_size": 256,
    "sample_size": 1000
}