{
    "model_positives": 103,
    "bloom_positives": 3,
    "total_positives": 106,
    "failed_urls": [],
    "successful_urls": 1000,
    "timing": {
        "preprocessing_time": 2.1431446075439453,
        "inference_time": 2785.320520401001,
        "bloom_filter_time": 5.3310394287109375,
        "total_time": 2927.212953567505,
        "warmup_time": 72.20888137817383,
        "preprocessing_per_url": 0.0021431446075439453,
        "inference_per_url": 2.785320520401001,
        "bloom_filter_per_url": 0.0053310394287109375,
        "total_per_url": 2.927212953567505
    },
    "batch_latencies": [
        126.71685218811035,
        31.525135040283203,
        27.906179428100586,
        32.70983695983887,
        26.24797821044922,
        26.588916778564453,
        21.52228355407715,
        20.821809768676758,
        21.532058715820312,
        27.81224250793457,
        24.477005004882812,
        21.795034408569336,
        23.879051208496094,
        22.62401580810547,
        38.4061336517334,
        72.02911376953125,
        103.47533226013184,
        26.306867599487305,
        21.900177001953125,
        22.530078887939453,
        20.999908447265625,
        20.88785171508789,
        19.681930541992188,
        21.198034286499023,
        19.88697052001953,
        22.825002670288086,
        21.50893211364746,
        21.55900001525879,
        20.45297622680664,
        19.463062286376953,
        20.470857620239258,
        19.96779441833496,
        21.26598358154297,
        27.791738510131836,
        23.836851119995117,
        23.942947387695312,
        20.545005798339844,
        21.232128143310547,
        22.54486083984375,
        31.18610382080078,
        24.18828010559082,
        25.120973587036133,
        25.35080909729004,
        22.845983505249023,
        22.20606803894043,
        22.324800491333008,
        22.521018981933594,
        22.18914031982422,
        20.066022872924805,
        19.157886505126953,
        20.19190788269043,
        19.62113380432129,
        18.748044967651367,
        18.75019073486328,
        18.890857696533203,
        18.965959548950195,
        19.06895637512207,
        18.913984298706055,
        18.7680721282959,
        19.463062286376953,
        18.841028213500977,
        18.71800422668457,
        18.739938735961914,
        19.20604705810547,
        18.71323585510254,
        18.769025802612305,
        18.600940704345703,
        18.702030181884766,
        19.292116165161133,
        19.144058227539062,
        19.002199172973633,
        18.81885528564453,
        18.810749053955078,
        18.746137619018555,
        18.61119270324707,
        18.659114837646484,
        18.442153930664062,
        18.743038177490234,
        19.079923629760742,
        18.61882209777832,
        18.851041793823242,
        18.8601016998291,
        18.743038177490234,
        18.589019775390625,
        19.177913665771484,
        20.293712615966797,
        18.912553787231445,
        19.18506622314453,
        18.764972686767578,
        19.00792121887207,
        18.767118453979492,
        18.486976623535156,
        18.695831298828125,
        18.526077270507812,
        19.018173217773438,
        18.69678497314453,
        18.871068954467773,
        19.122838973999023,
        18.80669593811035,
        19.03986930847168,
        18.962860107421875,
        19.91105079650879,
        19.01698112487793,
        18.723726272583008,
        18.713951110839844,
        18.583059310913086,
        19.817113876342773,
        18.67508888244629,
        18.57900619506836,
        18.81098747253418,
        19.322872161865234,
        18.92995834350586,
        18.64314079284668,
        18.80502700805664,
        18.63384246826172,
        19.284963607788086,
        18.748044967651367,
        19.58608627319336,
        19.64116096496582,
        20.920276641845703,
        19.129037857055664,
        18.83411407470703,
        19.775867462158203,
        19.670963287353516,
        19.3331241607666
    ],
    "batch_stats": {
        "min_latency": 18.442153930664062,
        "max_latency": 126.71685218811035,
        "avg_latency": 22.66507911682129,
        "median_latency": 19.292116165161133,
        "p95_latency": 30.53011894226073,
        "p99_latency": 95.92823982238785,
        "std_dev": 13.130279353922763
    },
    "batch_size": 8,
    "sample_size": 1000
}