{
    "model_positives": 109,
    "bloom_positives": 4,
    "total_positives": 113,
    "failed_urls": [],
    "successful_urls": 1000,
    "timing": {
        "preprocessing_time": 2.213001251220703,
        "inference_time": 528.3534526824951,
        "bloom_filter_time": 3.8192272186279297,
        "total_time": 665.4019355773926,
        "warmup_time": 99.55811500549316,
        "preprocessing_per_url": 0.002213001251220703,
        "inference_per_url": 0.5283534526824951,
        "bloom_filter_per_url": 0.0038192272186279297,
        "total_per_url": 0.6654019355773926
    },
    "batch_latencies": [
        172.93691635131836,
        40.856122970581055,
        22.65000343322754,
        22.351980209350586,
        21.384000778198242,
        21.465778350830078,
        21.641969680786133,
        21.415233612060547,
        23.493051528930664,
        20.245075225830078,
        20.81894874572754,
        20.173072814941406,
        20.489931106567383,
        19.906997680664062,
        20.061969757080078,
        52.596092224121094
    ],
    "batch_stats": {
        "min_latency": 19.906997680664062,
        "max_latency": 172.93691635131836,
        "avg_latency": 33.90544652938843,
        "median_latency": 21.440505981445312,
        "p95_latency": 82.68129825592041,
        "p99_latency": 154.8857927322387,
        "std_dev": 36.935697717535035
    },
    "batch_size": 64,
    "sample_size": 1000
}