{
    "model_positives": 82,
    "bloom_positives": 6,
    "total_positives": 88,
    "failed_urls": [],
    "successful_urls": 1000,
    "timing": {
        "preprocessing_time": 1.9869804382324219,
        "inference_time": 707.2329521179199,
        "bloom_filter_time": 3.3769607543945312,
        "total_time": 810.5928897857666,
        "warmup_time": 71.15983963012695,
        "preprocessing_per_url": 0.001986980438232422,
        "inference_per_url": 0.7072329521179199,
        "bloom_filter_per_url": 0.0033769607543945312,
        "total_per_url": 0.8105928897857666
    },
    "batch_latencies": [
        56.83016777038574,
        18.413066864013672,
        18.692731857299805,
        19.262313842773438,
        18.46480369567871,
        18.3870792388916,
        19.093990325927734,
        19.354820251464844,
        19.859790802001953,
        19.006967544555664,
        18.584728240966797,
        17.74907112121582,
        18.237829208374023,
        19.942045211791992,
        24.60002899169922,
        25.166034698486328,
        22.471189498901367,
        21.69489860534668,
        20.70903778076172,
        20.582914352416992,
        21.35300636291504,
        19.741058349609375,
        20.778894424438477,
        19.47474479675293,
        20.92289924621582,
        18.867015838623047,
        20.776987075805664,
        19.1650390625,
        19.607067108154297,
        20.61176300048828,
        26.134967803955078,
        58.09831619262695
    ],
    "batch_stats": {
        "min_latency": 17.74907112121582,
        "max_latency": 58.09831619262695,
        "avg_latency": 22.58235216140747,
        "median_latency": 19.800424575805664,
        "p95_latency": 39.947807788848856,
        "p99_latency": 57.70519018173218,
        "std_dev": 9.217432083657993
    },
    "batch_size": 32,
    "sample_size": 1000
}