{
    "model_positives": 98,
    "bloom_positives": 5,
    "total_positives": 103,
    "failed_urls": [],
    "successful_urls": 1000,
    "timing": {
        "preprocessing_time": 2.0799636840820312,
        "inference_time": 356.1251163482666,
        "bloom_filter_time": 3.003358840942383,
        "total_time": 446.91920280456543,
        "warmup_time": 66.25103950500488,
        "preprocessing_per_url": 0.0020799636840820312,
        "inference_per_url": 0.3561251163482666,
        "bloom_filter_per_url": 0.003003358840942383,
        "total_per_url": 0.44691920280456543
    },
    "batch_latencies": [
        54.76093292236328,
        18.799781799316406,
        19.153118133544922,
        19.289255142211914,
        18.775224685668945,
        19.091129302978516,
        18.94402503967285,
        19.096851348876953,
        18.728017807006836,
        18.934011459350586,
        19.353151321411133,
        19.06609535217285,
        19.0579891204834,
        18.51177215576172,
        18.970251083374023,
        46.18191719055176
    ],
    "batch_stats": {
        "min_latency": 18.51177215576172,
        "max_latency": 54.76093292236328,
        "avg_latency": 22.91959524154663,
        "median_latency": 19.062042236328125,
        "p95_latency": 48.32667112350464,
        "p99_latency": 53.47408056259155,
        "std_dev": 10.525439082963706
    },
    "batch_size": 64,
    "sample_size": 1000
}