{
    "model_positives": 108,
    "bloom_positives": 3,
    "total_positives": 111,
    "failed_urls": [],
    "successful_urls": 1000,
    "timing": {
        "preprocessing_time": 2.0461082458496094,
        "inference_time": 700.7193565368652,
        "bloom_filter_time": 3.498554229736328,
        "total_time": 808.0980777740479,
        "warmup_time": 76.68399810791016,
        "preprocessing_per_url": 0.0020461082458496094,
        "inference_per_url": 0.7007193565368652,
        "bloom_filter_per_url": 0.003498554229736328,
        "total_per_url": 0.8080980777740479
    },
    "batch_latencies": [
        63.8577938079834,
        21.193981170654297,
        20.132780075073242,
        19.5310115814209,
        19.672155380249023,
        19.53911781311035,
        20.270109176635742,
        20.462989807128906,
        19.65188980102539,
        21.017789840698242,
        19.682884216308594,
        20.29109001159668,
        20.216941833496094,
        21.557092666625977,
        19.89459991455078,
        20.751953125,
        20.450115203857422,
        21.51179313659668,
        20.721912384033203,
        21.5911865234375,
        19.6990966796875,
        19.785165786743164,
        20.60389518737793,
        19.60921287536621,
        20.168066024780273,
        19.898176193237305,
        19.87314224243164,
        18.71204376220703,
        18.344879150390625,
        19.290685653686523,
        19.250869750976562,
        48.43497276306152
    ],
    "batch_stats": {
        "min_latency": 18.344879150390625,
        "max_latency": 63.8577938079834,
        "avg_latency": 22.364668548107147,
        "median_latency": 20.150423049926758,
        "p95_latency": 33.67089033126829,
        "p99_latency": 59.07671928405764,
        "std_dev": 8.964328895334722
    },
    "batch_size": 32,
    "sample_size": 1000
}