{
    "model_positives": 89,
    "bloom_positives": 5,
    "total_positives": 94,
    "failed_urls": [],
    "successful_urls": 1000,
    "timing": {
        "preprocessing_time": 2.1500587463378906,
        "inference_time": 161.11421585083008,
        "bloom_filter_time": 2.7151107788085938,
        "total_time": 256.38818740844727,
        "warmup_time": 73.1050968170166,
        "preprocessing_per_url": 0.0021500587463378906,
        "inference_per_url": 0.16111421585083008,
        "bloom_filter_per_url": 0.0027151107788085938,
        "total_per_url": 0.25638818740844727
    },
    "batch_latencies": [
        78.84073257446289,
        21.72112464904785,
        19.93393898010254,
        47.64890670776367
    ],
    "batch_stats": {
        "min_latency": 19.93393898010254,
        "max_latency": 78.84073257446289,
        "avg_latency": 42.03617572784424,
        "median_latency": 34.68501567840576,
        "p95_latency": 74.161958694458,
        "p99_latency": 77.9049777984619,
        "std_dev": 23.9128016097877
    },
    "batch_size": 256,
    "sample_size": 1000
}