{
    "model_positives": 91,
    "bloom_positives": 6,
    "total_positives": 97,
    "failed_urls": [],
    "successful_urls": 1000,
    "timing": {
        "preprocessing_time": 2.087831497192383,
        "inference_time": 2487.2450828552246,
        "bloom_filter_time": 4.664897918701172,
        "total_time": 2618.224859237671,
        "warmup_time": 73.17399978637695,
        "preprocessing_per_url": 0.002087831497192383,
        "inference_per_url": 2.4872450828552246,
        "bloom_filter_per_url": 0.004664897918701172,
        "total_per_url": 2.618224859237671
    },
    "batch_latencies": [
        58.660268783569336,
        20.1718807220459,
        18.87989044189453,
        18.687963485717773,
        18.97597312927246,
        19.551992416381836,
        19.828081130981445,
        18.480300903320312,
        19.62900161743164,
        18.599748611450195,
        19.690275192260742,
        18.742799758911133,
        18.40496063232422,
        17.940998077392578,
        19.304990768432617,
        20.53523063659668,
        19.14072036743164,
        20.31731605529785,
        18.46003532409668,
        18.596172332763672,
        18.19586753845215,
        18.22185516357422,
        18.605947494506836,
        18.501996994018555,
        18.50605010986328,
        19.169092178344727,
        18.494129180908203,
        18.605947494506836,
        18.327951431274414,
        18.686294555664062,
        18.133878707885742,
        18.04518699645996,
        18.613815307617188,
        18.253803253173828,
        18.637895584106445,
        18.38994026184082,
        18.464088439941406,
        18.79405975341797,
        18.069028854370117,
        18.42498779296875,
        18.819808959960938,
        18.194198608398438,
        17.878055572509766,
        18.934011459350586,
        18.39900016784668,
        18.4781551361084,
        18.511056900024414,
        18.8601016998291,
        18.728017807006836,
        18.40996742248535,
        18.745899200439453,
        18.546342849731445,
        18.43094825744629,
        19.125938415527344,
        18.156766891479492,
        18.278837203979492,
        18.118858337402344,
        18.21732521057129,
        18.496036529541016,
        17.94719696044922,
        18.439054489135742,
        18.486976623535156,
        19.00172233581543,
        18.825054168701172,
        18.565893173217773,
        18.288850784301758,
        18.563032150268555,
        20.415782928466797,
        19.19078826904297,
        18.254756927490234,
        18.296003341674805,
        18.845796585083008,
        18.30601692199707,
        18.7990665435791,
        18.323898315429688,
        18.668651580810547,
        18.04184913635254,
        18.30911636352539,
        18.843889236450195,
        18.500804901123047,
        18.639802932739258,
        18.767118453979492,
        18.277883529663086,
        18.3718204498291,
        18.515825271606445,
        18.71204376220703,
        18.529891967773438,
        18.57614517211914,
        18.909215927124023,
        18.281936645507812,
        18.81098747253418,
        18.938302993774414,
        18.536806106567383,
        18.52703094482422,
        18.3260440826416,
        18.014192581176758,
        18.496990203857422,
        17.961978912353516,
        18.059968948364258,
        18.742084503173828,
        18.5699462890625,
        18.632173538208008,
        18.310070037841797,
        18.332242965698242,
        18.604040145874023,
        18.407106399536133,
        18.286943435668945,
        18.064022064208984,
        18.140792846679688,
        19.138097763061523,
        19.117116928100586,
        18.923044204711914,
        18.23902130126953,
        17.900943756103516,
        18.559932708740234,
        18.306255340576172,
        18.021106719970703,
        18.676042556762695,
        18.628835678100586,
        150.74586868286133,
        38.55180740356445,
        21.403074264526367,
        23.7119197845459,
        18.58806610107422,
        18.878936767578125
    ],
    "batch_stats": {
        "min_latency": 17.878055572509766,
        "max_latency": 150.74586868286133,
        "avg_latency": 20.2137393951416,
        "median_latency": 18.546342849731445,
        "p95_latency": 20.396089553833008,
        "p99_latency": 53.83423805236826,
        "std_dev": 12.394446184253589
    },
    "batch_size": 8,
    "sample_size": 1000
}