{
    "model_positives": 94,
    "bloom_positives": 5,
    "total_positives": 99,
    "failed_urls": [],
    "successful_urls": 1000,
    "timing": {
        "preprocessing_time": 2.136707305908203,
        "inference_time": 652.7261734008789,
        "bloom_filter_time": 3.3893585205078125,
        "total_time": 751.4407634735107,
        "warmup_time": 67.43597984313965,
        "preprocessing_per_url": 0.002136707305908203,
        "inference_per_url": 0.6527261734008789,
        "bloom_filter_per_url": 0.0033893585205078125,
        "total_per_url": 0.7514407634735107
    },
    "batch_latencies": [
        56.298017501831055,
        19.106149673461914,
        18.484115600585938,
        18.6769962310791,
        18.58210563659668,
        18.5699462890625,
        18.73612403869629,
        18.418073654174805,
        19.549131393432617,
        19.64426040649414,
        19.182682037353516,
        19.02604103088379,
        19.02484893798828,
        18.227815628051758,
        18.494367599487305,
        18.85533332824707,
        18.693923950195312,
        20.367145538330078,
        21.99387550354004,
        18.780946731567383,
        18.30601692199707,
        19.21701431274414,
        18.658876419067383,
        18.603801727294922,
        18.342018127441406,
        18.242835998535156,
        18.5549259185791,
        18.677949905395508,
        18.316030502319336,
        18.469810485839844,
        18.213272094726562,
        45.47905921936035
    ],
    "batch_stats": {
        "min_latency": 18.213272094726562,
        "max_latency": 56.298017501831055,
        "avg_latency": 20.86854726076126,
        "median_latency": 18.677473068237305,
        "p95_latency": 32.562208175659165,
        "p99_latency": 52.94414043426515,
        "std_dev": 7.9013080543943355
    },
    "batch_size": 32,
    "sample_size": 1000
}