{
    "model_positives": 106,
    "bloom_positives": 3,
    "total_positives": 109,
    "failed_urls": [],
    "successful_urls": 1000,
    "timing": {
        "preprocessing_time": 2.032041549682617,
        "inference_time": 1265.1598453521729,
        "bloom_filter_time": 3.940582275390625,
        "total_time": 1373.7010955810547,
        "warmup_time": 67.46077537536621,
        "preprocessing_per_url": 0.002032041549682617,
        "inference_per_url": 1.2651598453521729,
        "bloom_filter_per_url": 0.003940582275390625,
        "total_per_url": 1.3737010955810547
    },
    "batch_latencies": [
        62.799692153930664,
        19.83189582824707,
        19.70195770263672,
        18.851041793823242,
        20.40719985961914,
        19.18792724609375,
        19.106149673461914,
        19.01388168334961,
        20.421266555786133,
        19.546031951904297,
        18.73302459716797,
        19.706010818481445,
        18.899917602539062,
        18.745899200439453,
        18.451929092407227,
        19.460201263427734,
        18.746137619018555,
        18.447160720825195,
        18.82791519165039,
        18.488168716430664,
        18.438339233398438,
        18.34702491760254,
        18.518924713134766,
        18.828868865966797,
        18.571138381958008,
        18.255949020385742,
        18.306970596313477,
        19.99807357788086,
        19.85788345336914,
        20.17378807067871,
        19.524097442626953,
        19.683122634887695,
        20.257949829101562,
        19.637107849121094,
        23.43606948852539,
        22.611141204833984,
        19.5620059967041,
        19.850969314575195,
        19.47784423828125,
        21.038055419921875,
        19.98591423034668,
        20.061016082763672,
        19.988059997558594,
        19.45018768310547,
        19.609928131103516,
        20.159006118774414,
        19.58012580871582,
        20.15995979309082,
        19.64592933654785,
        19.287824630737305,
        18.576860427856445,
        18.914222717285156,
        18.753767013549805,
        18.494844436645508,
        19.08707618713379,
        18.6769962310791,
        18.74995231628418,
        18.667936325073242,
        18.829822540283203,
        18.798112869262695,
        18.431901931762695,
        18.5699462890625,
        45.92490196228027
    ],
    "batch_stats": {
        "min_latency": 18.255949020385742,
        "max_latency": 62.799692153930664,
        "avg_latency": 20.478619469536675,
        "median_latency": 19.287824630737305,
        "p95_latency": 22.45383262634277,
        "p99_latency": 52.337322235107465,
        "std_dev": 6.384175919733569
    },
    "batch_size": 16,
    "sample_size": 1000
}