{
    "model_positives": 85,
    "bloom_positives": 4,
    "total_positives": 89,
    "failed_urls": [],
    "successful_urls": 1000,
    "timing": {
        "preprocessing_time": 1.8901824951171875,
        "inference_time": 362.92290687561035,
        "bloom_filter_time": 3.0059814453125,
        "total_time": 467.8761959075928,
        "warmup_time": 77.99983024597168,
        "preprocessing_per_url": 0.0018901824951171875,
        "inference_per_url": 0.36292290687561035,
        "bloom_filter_per_url": 0.0030059814453125,
        "total_per_url": 0.4678761959075928
    },
    "batch_latencies": [
        61.82670593261719,
        19.4549560546875,
        19.648075103759766,
        19.015073776245117,
        19.251108169555664,
        18.370866775512695,
        18.491029739379883,
        19.079923629760742,
        18.419981002807617,
        18.858909606933594,
        18.77307891845703,
        19.133806228637695,
        19.042015075683594,
        18.774032592773438,
        18.843889236450195,
        46.3254451751709
    ],
    "batch_stats": {
        "min_latency": 18.370866775512695,
        "max_latency": 61.82670593261719,
        "avg_latency": 23.33180606365204,
        "median_latency": 19.028544425964355,
        "p95_latency": 50.20076036453247,
        "p99_latency": 59.50151681900024,
        "std_dev": 11.943691937659391
    },
    "batch_size": 64,
    "sample_size": 1000
}