{
    "model_positives": 93,
    "bloom_positives": 2,
    "total_positives": 95,
    "failed_urls": [],
    "successful_urls": 1000,
    "timing": {
        "preprocessing_time": 1.9941329956054688,
        "inference_time": 319.9136257171631,
        "bloom_filter_time": 2.8638839721679688,
        "total_time": 413.33603858947754,
        "warmup_time": 70.92881202697754,
        "preprocessing_per_url": 0.0019941329956054688,
        "inference_per_url": 0.3199136257171631,
        "bloom_filter_per_url": 0.0028638839721679688,
        "total_per_url": 0.41333603858947754
    },
    "batch_latencies": [
        57.940006256103516,
        20.46799659729004,
        19.386768341064453,
        20.556211471557617,
        19.807100296020508,
        120.73874473571777,
        21.756887435913086,
        47.65582084655762
    ],
    "batch_stats": {
        "min_latency": 19.386768341064453,
        "max_latency": 120.73874473571777,
        "avg_latency": 41.038691997528076,
        "median_latency": 21.15654945373535,
        "p95_latency": 98.75918626785275,
        "p99_latency": 116.34283304214476,
        "std_dev": 33.19563038534836
    },
    "batch_size": 128,
    "sample_size": 1000
}