{
    "model_positives": 91,
    "bloom_positives": 6,
    "total_positives": 97,
    "failed_urls": [],
    "successful_urls": 1000,
    "timing": {
        "preprocessing_time": 2.040863037109375,
        "inference_time": 164.14856910705566,
        "bloom_filter_time": 3.019094467163086,
        "total_time": 274.1858959197998,
        "warmup_time": 88.44900131225586,
        "preprocessing_per_url": 0.002040863037109375,
        "inference_per_url": 0.16414856910705566,
        "bloom_filter_per_url": 0.003019094467163086,
        "total_per_url": 0.2741858959197998
    },
    "batch_latencies": [
        73.62008094787598,
        22.92919158935547,
        22.860050201416016,
        53.06816101074219
    ],
    "batch_stats": {
        "min_latency": 22.860050201416016,
        "max_latency": 73.62008094787598,
        "avg_latency": 43.11937093734741,
        "median_latency": 37.99867630004883,
        "p95_latency": 70.53729295730591,
        "p99_latency": 73.00352334976196,
        "std_dev": 21.490434813285283
    },
    "batch_size": 256,
    "sample_size": 1000
}