{
    "model_positives": 115,
    "bloom_positives": 4,
    "total_positives": 119,
    "failed_urls": [],
    "successful_urls": 1000,
    "timing": {
        "preprocessing_time": 1.9559860229492188,
        "inference_time": 1214.5001888275146,
        "bloom_filter_time": 3.690481185913086,
        "total_time": 1324.7101306915283,
        "warmup_time": 72.09181785583496,
        "preprocessing_per_url": 0.0019559860229492188,
        "inference_per_url": 1.2145001888275146,
        "bloom_filter_per_url": 0.003690481185913086,
        "total_per_url": 1.3247101306915283
    },
    "batch_latencies": [
        56.339263916015625,
        18.751859664916992,
        18.049001693725586,
        18.710851669311523,
        18.719196319580078,
        18.194913864135742,
        18.37897300720215,
        18.072128295898438,
        18.713712692260742,
        18.887996673583984,
        18.62931251525879,
        18.841981887817383,
        18.60785484313965,
        18.507957458496094,
        18.481016159057617,
        18.45097541809082,
        18.711090087890625,
        18.690824508666992,
        18.139123916625977,
        19.17886734008789,
        19.51909065246582,
        19.857168197631836,
        19.76299285888672,
        18.517017364501953,
        19.36793327331543,
        18.691062927246094,
        18.563032150268555,
        18.52273941040039,
        19.452810287475586,
        19.2410945892334,
        18.605709075927734,
        18.60785484313965,
        18.052101135253906,
        18.76211166381836,
        18.49675178527832,
        18.330812454223633,
        18.388986587524414,
        18.340110778808594,
        18.61405372619629,
        18.24021339416504,
        18.451929092407227,
        18.522024154663086,
        18.551111221313477,
        18.9511775970459,
        18.453121185302734,
        18.41282844543457,
        18.444061279296875,
        18.383026123046875,
        18.402814865112305,
        18.587112426757812,
        18.79286766052246,
        19.23394203186035,
        18.246173858642578,
        18.71776580810547,
        18.07999610900879,
        18.027067184448242,
        18.11504364013672,
        18.100976943969727,
        18.320798873901367,
        18.553972244262695,
        18.4478759765625,
        18.54419708251953,
        46.65398597717285
    ],
    "batch_stats": {
        "min_latency": 18.027067184448242,
        "max_latency": 56.339263916015625,
        "avg_latency": 19.65054633125426,
        "median_latency": 18.551111221313477,
        "p95_latency": 19.73860263824463,
        "p99_latency": 50.334391593933134,
        "std_dev": 5.84404346802018
    },
    "batch_size": 16,
    "sample_size": 1000
}