{
    "model_positives": 103,
    "bloom_positives": 88,
    "total_positives": 191,
    "num_successful_urls": 1024,
    "failed_urls": [],
    "timing": {
        "total_preprocessing_time": 1.8188953399658203,
        "preprocessing_time_per_url": 0.0017762649804353714,
        "warmup_batch_time": 0.804901123046875,
        "moving_tensor_to_device_per_batch_time_list": [
            0.1468658447265625,
            0.09179115295410156,
            0.0820159912109375,
            0.08392333984375,
            0.09202957153320312,
            0.08702278137207031,
            0.08416175842285156,
            0.08225440979003906,
            0.08702278137207031,
            0.08273124694824219,
            0.08296966552734375,
            0.08225440979003906,
            0.08606910705566406,
            0.08296966552734375,
            0.08296966552734375,
            0.08106231689453125,
            0.08797645568847656,
            0.08177757263183594,
            0.08296966552734375,
            0.09298324584960938,
            0.1537799835205078,
            0.08821487426757812,
            0.08416175842285156,
            0.08392333984375,
            0.0820159912109375,
            0.0858306884765625,
            0.08702278137207031,
            0.08487701416015625,
            0.08511543273925781,
            0.08821487426757812,
            0.08273124694824219,
            0.08177757263183594
        ],
        "inference_per_batch_time_list": [
            2.273082733154297,
            0.6921291351318359,
            0.6511211395263672,
            0.9188652038574219,
            0.8099079132080078,
            0.6728172302246094,
            0.6771087646484375,
            0.659942626953125,
            0.6561279296875,
            0.6501674652099609,
            0.6477832794189453,
            0.6527900695800781,
            0.6639957427978516,
            0.6451606750488281,
            0.6568431854248047,
            0.6558895111083984,
            0.6480216979980469,
            0.6611347198486328,
            0.8080005645751953,
            1.199960708618164,
            1.2500286102294922,
            0.6947517395019531,
            0.6649494171142578,
            0.6508827209472656,
            0.6558895111083984,
            0.6859302520751953,
            0.6511211395263672,
            0.6511211395263672,
            0.6577968597412109,
            0.6618499755859375,
            0.6480216979980469,
            0.6260871887207031
        ],
        "overflow_bloom_filter_per_batch_time_list": [
            0.09703636169433594,
            0.05698204040527344,
            0.05507469177246094,
            0.05626678466796875,
            0.05412101745605469,
            0.049114227294921875,
            0.051021575927734375,
            0.05507469177246094,
            0.048160552978515625,
            0.05030632019042969,
            0.05078315734863281,
            0.05412101745605469,
            0.047206878662109375,
            0.05245208740234375,
            0.04982948303222656,
            0.04315376281738281,
            0.05078315734863281,
            0.05602836608886719,
            0.0591278076171875,
            0.10800361633300781,
            0.05984306335449219,
            0.04887580871582031,
            0.051975250244140625,
            0.051975250244140625,
            0.053882598876953125,
            0.057697296142578125,
            0.05125999450683594,
            0.04887580871582031,
            0.051975250244140625,
            0.04887580871582031,
            0.050067901611328125,
            0.04792213439941406
        ],
        "batch_total_latency_per_batch_time_list": [
            2.6056766510009766,
            0.8609294891357422,
            0.7951259613037109,
            1.0728836059570312,
            0.9670257568359375,
            0.8161067962646484,
            0.8180141448974609,
            0.8020401000976562,
            0.7970333099365234,
            0.7879734039306641,
            0.78582763671875,
            0.7951259613037109,
            0.8029937744140625,
            0.7853507995605469,
            0.7948875427246094,
            0.7851123809814453,
            0.7917881011962891,
            0.8039474487304688,
            0.9670257568359375,
            1.4216899871826172,
            1.4867782592773438,
            0.8399486541748047,
            0.8080005645751953,
            0.7927417755126953,
            0.7979869842529297,
            0.8356571197509766,
            0.7941722869873047,
            0.7898807525634766,
            0.80108642578125,
            0.8041858673095703,
            0.78582763671875,
            0.7607936859130859
        ]
    },
    "size_metrics": {
        "model_size_bytes": 9492,
        "overflow_bloom_filter_size_bytes": 10032,
        "traditional_bloom_filter_size_bytes": 22462.584307360594
    },
    "traditional_bloom": {
        "traditional_bloom_positives": 193,
        "timing": {
            "total_time": 1.9612312316894531,
            "time_per_url": 0.0019152648746967316,
            "urls_per_second": 522120.99392171163
        }
    },
    "batch_size": 32,
    "sample_size": 1024
}