{
    "model_positives": 99,
    "bloom_positives": 71,
    "total_positives": 170,
    "num_successful_urls": 1024,
    "failed_urls": [],
    "timing": {
        "total_preprocessing_time": 1.8329620361328125,
        "preprocessing_time_per_url": 0.0017900019884109497,
        "warmup_batch_time": 0.8630752563476562,
        "moving_tensor_to_device_per_batch_time_list": [
            0.23412704467773438,
            0.17380714416503906,
            0.16498565673828125,
            0.23794174194335938,
            0.19598007202148438,
            0.1647472381591797,
            0.16307830810546875,
            0.16117095947265625,
            0.16808509826660156,
            0.16307830810546875,
            0.16427040100097656,
            0.16498565673828125,
            0.1647472381591797,
            0.1742839813232422,
            0.16880035400390625,
            0.16117095947265625
        ],
        "inference_per_batch_time_list": [
            1.9009113311767578,
            0.8990764617919922,
            0.8389949798583984,
            0.9441375732421875,
            1.316070556640625,
            1.1131763458251953,
            0.8878707885742188,
            0.8568763732910156,
            0.9889602661132812,
            1.1010169982910156,
            0.8647441864013672,
            0.8001327514648438,
            1.001119613647461,
            1.3229846954345703,
            1.051187515258789,
            0.8640289306640625
        ],
        "overflow_bloom_filter_per_batch_time_list": [
            0.14734268188476562,
            0.09894371032714844,
            0.10323524475097656,
            0.1678466796875,
            0.09608268737792969,
            0.10514259338378906,
            0.09512901306152344,
            0.08988380432128906,
            0.10275840759277344,
            0.10204315185546875,
            0.10609626770019531,
            0.1010894775390625,
            0.10514259338378906,
            0.11706352233886719,
            0.10919570922851562,
            0.09799003601074219
        ],
        "batch_total_latency_per_batch_time_list": [
            2.367258071899414,
            1.1868476867675781,
            1.1169910430908203,
            1.371145248413086,
            1.6281604766845703,
            1.3918876647949219,
            1.1529922485351562,
            1.1138916015625,
            1.2707710266113281,
            1.3802051544189453,
            1.1441707611083984,
            1.0731220245361328,
            1.2869834899902344,
            1.6393661499023438,
            1.3370513916015625,
            1.1289119720458984
        ]
    },
    "size_metrics": {
        "model_size_bytes": 9492,
        "overflow_bloom_filter_size_bytes": 10032,
        "traditional_bloom_filter_size_bytes": 22462.584307360594
    },
    "traditional_bloom": {
        "traditional_bloom_positives": 167,
        "timing": {
            "total_time": 1.7647743225097656,
            "time_per_url": 0.001723412424325943,
            "urls_per_second": 580244.1631991353
        }
    },
    "batch_size": 64,
    "sample_size": 1024
}