{
    "model_positives": 125,
    "bloom_positives": 79,
    "total_positives": 204,
    "num_successful_urls": 1024,
    "failed_urls": [],
    "timing": {
        "total_preprocessing_time": 1.9872188568115234,
        "preprocessing_time_per_url": 0.0019406434148550034,
        "warmup_batch_time": 1.2929439544677734,
        "moving_tensor_to_device_per_batch_time_list": [
            0.10085105895996094,
            0.051975250244140625,
            0.051021575927734375,
            0.052928924560546875,
            0.04506111145019531,
            0.0438690185546875,
            0.04696846008300781,
            0.04506111145019531,
            0.04410743713378906,
            0.04410743713378906,
            0.04410743713378906,
            0.04291534423828125,
            0.04410743713378906,
            0.04315376281738281,
            0.04982948303222656,
            0.04601478576660156,
            0.0457763671875,
            0.8280277252197266,
            0.1533031463623047,
            0.270843505859375,
            0.05602836608886719,
            0.04887580871582031,
            0.04792213439941406,
            0.0629425048828125,
            0.05507469177246094,
            0.04982948303222656,
            0.04982948303222656,
            0.05698204040527344,
            0.051975250244140625,
            0.05793571472167969,
            0.1709461212158203,
            0.14901161193847656,
            0.05030632019042969,
            0.04410743713378906,
            0.04291534423828125,
            0.04410743713378906,
            0.0438690185546875,
            0.041961669921875,
            0.041961669921875,
            0.041961669921875,
            0.04100799560546875,
            0.041961669921875,
            0.04100799560546875,
            0.04100799560546875,
            0.04291534423828125,
            0.04100799560546875,
            0.04124641418457031,
            0.041961669921875,
            0.04100799560546875,
            0.041961669921875,
            0.04100799560546875,
            0.041961669921875,
            0.04100799560546875,
            0.04100799560546875,
            0.04410743713378906,
            0.04315376281738281,
            0.041961669921875,
            0.041961669921875,
            0.041961669921875,
            0.04100799560546875,
            0.041961669921875,
            0.041961669921875,
            0.04100799560546875,
            0.04506111145019531
        ],
        "inference_per_batch_time_list": [
            1.7108917236328125,
            0.9071826934814453,
            1.2440681457519531,
            0.6411075592041016,
            0.6010532379150391,
            0.7631778717041016,
            0.7109642028808594,
            0.6098747253417969,
            0.6020069122314453,
            0.6020069122314453,
            0.5948543548583984,
            0.5950927734375,
            0.5939006805419922,
            0.6499290466308594,
            0.6792545318603516,
            0.7219314575195312,
            6.123065948486328,
            8.42905044555664,
            26.054859161376953,
            1.0311603546142578,
            0.701904296875,
            0.6411075592041016,
            2.1092891693115234,
            0.7412433624267578,
            0.7371902465820312,
            0.6561279296875,
            0.6821155548095703,
            0.7171630859375,
            0.9481906890869141,
            4.613161087036133,
            3.3020973205566406,
            1.1661052703857422,
            0.6306171417236328,
            0.6048679351806641,
            0.5800724029541016,
            0.5750656127929688,
            0.5741119384765625,
            0.5769729614257812,
            0.5660057067871094,
            0.5609989166259766,
            0.5581378936767578,
            0.55694580078125,
            0.5598068237304688,
            0.5578994750976562,
            0.5550384521484375,
            0.5559921264648438,
            0.5550384521484375,
            0.5550384521484375,
            0.5588531494140625,
            0.5562305450439453,
            0.5578994750976562,
            0.5519390106201172,
            0.5581378936767578,
            0.6070137023925781,
            0.6110668182373047,
            0.5848407745361328,
            0.5869865417480469,
            0.576019287109375,
            0.57220458984375,
            0.5738735198974609,
            0.57220458984375,
            0.576019287109375,
            0.5676746368408203,
            0.5888938903808594
        ],
        "overflow_bloom_filter_per_batch_time_list": [
            0.05888938903808594,
            0.03361701965332031,
            0.04506111145019531,
            0.030040740966796875,
            0.024080276489257812,
            0.03314018249511719,
            0.027894973754882812,
            0.0247955322265625,
            0.026941299438476562,
            0.028848648071289062,
            0.027894973754882812,
            0.027894973754882812,
            0.026941299438476562,
            0.09703636169433594,
            0.027894973754882812,
            0.031948089599609375,
            0.308990478515625,
            0.09012222290039062,
            0.051021575927734375,
            0.047206878662109375,
            0.031232833862304688,
            0.031948089599609375,
            0.08702278137207031,
            0.04696846008300781,
            0.03409385681152344,
            0.027894973754882812,
            0.04315376281738281,
            0.04982948303222656,
            0.03814697265625,
            0.11491775512695312,
            0.09512901306152344,
            0.052928924560546875,
            0.027894973754882812,
            0.028133392333984375,
            0.029087066650390625,
            0.028133392333984375,
            0.025033950805664062,
            0.028133392333984375,
            0.02193450927734375,
            0.02574920654296875,
            0.023126602172851562,
            0.02002716064453125,
            0.025987625122070312,
            0.025272369384765625,
            0.027179718017578125,
            0.028848648071289062,
            0.01621246337890625,
            0.02288818359375,
            0.022172927856445312,
            0.022649765014648438,
            0.02384185791015625,
            0.019788742065429688,
            0.027179718017578125,
            0.026226043701171875,
            0.02288818359375,
            0.027894973754882812,
            0.023126602172851562,
            0.026941299438476562,
            0.022172927856445312,
            0.02384185791015625,
            0.02193450927734375,
            0.025033950805664062,
            0.024080276489257812,
            0.024080276489257812
        ],