{
    "model_positives": 170,
    "bloom_positives": 24,
    "total_positives": 194,
    "num_successful_urls": 1024,
    "failed_urls": [],
    "timing": {
        "total_preprocessing_time": 1.7757415771484375,
        "preprocessing_time_per_url": 0.001734122633934021,
        "warmup_batch_time": 1.0528564453125,
        "moving_tensor_to_device_per_batch_time_list": [
            0.2429485321044922,
            0.2048015594482422,
            0.17523765563964844,
            0.1728534698486328,
            0.1819133758544922,
            0.18310546875,
            0.42319297790527344,
            0.17786026000976562,
            0.164031982421875,
            0.17404556274414062,
            0.16498565673828125,
            0.16880035400390625,
            0.16689300537109375,
            0.1761913299560547,
            0.16379356384277344,
            0.16379356384277344
        ],
        "inference_per_batch_time_list": [
            6.05320930480957,
            4.356145858764648,
            4.085063934326172,
            5.896329879760742,
            3.718137741088867,
            3.6568641662597656,
            4.820108413696289,
            3.6149024963378906,
            4.227161407470703,
            3.847837448120117,
            3.9620399475097656,
            3.963947296142578,
            4.254817962646484,
            3.7691593170166016,
            3.6542415618896484,
            3.7832260131835938
        ],
        "overflow_bloom_filter_per_batch_time_list": [
            0.24509429931640625,
            0.1049041748046875,
            0.10514259338378906,
            0.1049041748046875,
            0.11181831359863281,
            0.11301040649414062,
            0.11110305786132812,
            0.09512901306152344,
            0.11110305786132812,
            0.09608268737792969,
            0.10895729064941406,
            0.10514259338378906,
            0.10704994201660156,
            0.10395050048828125,
            0.09989738464355469,
            0.09799003601074219
        ],
        "batch_total_latency_per_batch_time_list": [
            6.7729949951171875,
            4.703044891357422,
            4.397153854370117,
            6.210803985595703,
            4.045009613037109,
            3.9870738983154297,
            5.3920745849609375,
            3.9129257202148438,
            4.530191421508789,
            4.141092300415039,
            4.261016845703125,
            4.2629241943359375,
            4.563808441162109,
            4.069328308105469,
            3.9339065551757812,
            4.062891006469727
        ]
    },
    "size_metrics": {
        "model_size_bytes": 290052,
        "overflow_bloom_filter_size_bytes": 2756,
        "traditional_bloom_filter_size_bytes": 22462.584307360594
    },
    "traditional_bloom": {
        "traditional_bloom_positives": 190,
        "timing": {
            "total_time": 1.9609928131103516,
            "time_per_url": 0.0019150320440530777,
            "urls_per_second": 522184.47367781156
        }
    },
    "batch_size": 64,
    "sample_size": 1024
}