{
    "model_positives": 208,
    "bloom_positives": 28,
    "total_positives": 236,
    "num_successful_urls": 1024,
    "failed_urls": [],
    "timing": {
        "total_preprocessing_time": 1.7940998077392578,
        "preprocessing_time_per_url": 0.001752050593495369,
        "warmup_batch_time": 14.168262481689453,
        "moving_tensor_to_device_per_batch_time_list": [
            0.16188621520996094,
            0.10204315185546875,
            0.09703636169433594,
            0.08893013000488281,
            0.13899803161621094,
            0.09703636169433594,
            0.1678466796875,
            0.1068115234375,
            0.09918212890625,
            0.11801719665527344,
            0.09799003601074219,
            0.1010894775390625,
            0.09703636169433594,
            0.5729198455810547,
            0.09989738464355469,
            0.2980232238769531,
            0.11920928955078125,
            0.09417533874511719,
            0.08702278137207031,
            0.08392333984375,
            0.08702278137207031,
            0.087738037109375,
            0.08296966552734375,
            0.08296966552734375,
            0.08225440979003906,
            0.08082389831542969,
            0.09274482727050781,
            0.09703636169433594,
            0.08511543273925781,
            0.08130073547363281,
            0.08797645568847656,
            0.12326240539550781
        ],
        "inference_per_batch_time_list": [
            4.704952239990234,
            4.5070648193359375,
            2.050161361694336,
            2.7298927307128906,
            2.8429031372070312,
            5.2337646484375,
            2.807140350341797,
            2.9680728912353516,
            3.6499500274658203,
            2.4170875549316406,
            2.1681785583496094,
            2.851247787475586,
            2.5398731231689453,
            2.708911895751953,
            2.1080970764160156,
            10.843038558959961,
            2.2110939025878906,
            1.9800662994384766,
            1.8880367279052734,
            2.064943313598633,
            2.440929412841797,
            2.0210742950439453,
            1.7910003662109375,
            1.8842220306396484,
            1.8548965454101562,
            1.9750595092773438,
            2.7921199798583984,
            1.924276351928711,
            1.992940902709961,
            1.992940902709961,
            1.9769668579101562,
            2.5310516357421875
        ],
        "overflow_bloom_filter_per_batch_time_list": [
            0.27108192443847656,
            0.06818771362304688,
            0.049114227294921875,
            0.10991096496582031,
            0.053882598876953125,
            0.0591278076171875,
            0.0591278076171875,
            0.05984306335449219,
            0.2148151397705078,
            0.06914138793945312,
            0.05817413330078125,
            0.057697296142578125,
            0.3631114959716797,
            0.06890296936035156,
            0.05412101745605469,
            0.11897087097167969,
            0.06008148193359375,
            0.06031990051269531,
            0.04506111145019531,
            0.04291534423828125,
            0.05888938903808594,
            0.05602836608886719,
            0.049114227294921875,
            0.04792213439941406,
            0.04601478576660156,
            0.04982948303222656,
            0.06771087646484375,
            0.04696846008300781,
            0.0438690185546875,
            0.04982948303222656,
            0.06175041198730469,
            0.10800361633300781
        ],
        "batch_total_latency_per_batch_time_list": [
            5.223989486694336,
            4.719018936157227,
            2.2132396697998047,
            2.9709339141845703,
            3.0677318572998047,
            5.433082580566406,
            3.0739307403564453,
            3.1709671020507812,
            4.080295562744141,
            2.6443004608154297,
            2.357006072998047,
            3.041982650756836,
            3.1931400299072266,
            3.3867359161376953,
            2.2950172424316406,
            11.305093765258789,
            2.4220943450927734,
            2.1572113037109375,
            2.0341873168945312,
            2.2001266479492188,
            2.6197433471679688,
            2.177000045776367,
            1.934051513671875,
            2.025127410888672,
            1.99127197265625,
            2.1257400512695312,
            2.9916763305664062,
            2.0821094512939453,
            2.1309852600097656,
            2.135038375854492,
            2.1581649780273438,
            2.8891563415527344
        ]
    },
    "size_metrics": {
        "model_size_bytes": 290052,
        "overflow_bloom_filter_size_bytes": 2756,
        "traditional_bloom_filter_size_bytes": 22462.584307360594
    },
    "traditional_bloom": {
        "traditional_bloom_positives": 240,
        "timing": {
            "total_time": 1.8401145935058594,
            "time_per_url": 0.0017969869077205658,
            "urls_per_second": 556487.0816273646
        }
    },
    "batch_size": 32,
    "sample_size": 1024
}