{
    "model_positives": 174,
    "bloom_positives": 17,
    "total_positives": 191,
    "num_successful_urls": 1024,
    "failed_urls": [],
    "timing": {
        "total_preprocessing_time": 1.7960071563720703,
        "preprocessing_time_per_url": 0.0017539132386446,
        "warmup_batch_time": 9.605169296264648,
        "moving_tensor_to_device_per_batch_time_list": [
            0.1277923583984375,
            0.09012222290039062,
            0.4138946533203125,
            0.07104873657226562,
            0.06198883056640625,
            0.06604194641113281,
            0.11014938354492188,
            0.06079673767089844,
            0.055789947509765625,
            0.05507469177246094,
            0.11396408081054688,
            0.06103515625,
            0.06222724914550781,
            0.05698204040527344,
            0.05888938903808594,
            0.05793571472167969,
            0.09179115295410156,
            0.054836273193359375,
            0.052928924560546875,
            0.052928924560546875,
            0.055789947509765625,
            0.054836273193359375,
            0.06198883056640625,
            0.051975250244140625,
            0.051975250244140625,
            0.052928924560546875,
            0.051975250244140625,
            0.05221366882324219,
            0.05817413330078125,
            0.053882598876953125,
            0.05793571472167969,
            0.052928924560546875,
            0.05602836608886719,
            0.057220458984375,
            0.053882598876953125,
            0.052928924560546875,
            0.052928924560546875,
            0.052928924560546875,
            0.049114227294921875,
            0.04887580871582031,
            0.05125999450683594,
            0.04792213439941406,
            0.05030632019042969,
            0.04792213439941406,
            0.04982948303222656,
            0.048160552978515625,
            0.04792213439941406,
            0.048160552978515625,
            0.052928924560546875,
            0.050067901611328125,
            0.05078315734863281,
            0.051975250244140625,
            0.051975250244140625,
            0.051021575927734375,
            0.053882598876953125,
            0.051975250244140625,
            0.053882598876953125,
            0.04792213439941406,
            0.07987022399902344,
            0.04887580871582031,
            0.051975250244140625,
            0.051021575927734375,
            0.049114227294921875,
            0.055789947509765625
        ],
        "inference_per_batch_time_list": [
            3.550291061401367,
            3.370046615600586,
            6.7119598388671875,
            1.6241073608398438,
            1.992940902709961,
            2.8018951416015625,
            1.8930435180664062,
            1.5101432800292969,
            1.399993896484375,
            1.756906509399414,
            2.1619796752929688,
            2.029895782470703,
            1.5368461608886719,
            1.4531612396240234,
            1.5571117401123047,
            1.5752315521240234,
            1.585245132446289,
            1.4271736145019531,
            1.4340877532958984,
            1.4262199401855469,
            1.5721321105957031,
            1.538991928100586,
            1.4309883117675781,
            1.3260841369628906,
            1.463174819946289,
            1.332998275756836,
            1.3921260833740234,
            1.592874526977539,
            1.4119148254394531,
            1.8491744995117188,
            1.4400482177734375,
            1.4791488647460938,
            1.3880729675292969,
            1.2748241424560547,
            1.4071464538574219,
            1.5189647674560547,
            1.4619827270507812,
            1.2691020965576172,
            1.3129711151123047,
            1.5289783477783203,
            1.2586116790771484,
            1.3070106506347656,
            1.2578964233398438,
            1.3191699981689453,
            1.2369155883789062,
            1.2416839599609375,
            1.2331008911132812,
            1.2848377227783203,
            1.3990402221679688,
            1.4009475708007812,
            1.255035400390625,
            1.2929439544677734,
            1.3051033020019531,
            1.3129711151123047,
            1.3942718505859375,
            1.3151168823242188,
            1.251220703125,
            1.5230178833007812,
            1.4171600341796875,
            1.4581680297851562,
            1.2421607971191406,
            1.2688636779785156,
            1.2309551239013672,
            1.2280941009521484
        ],
        "overflow_bloom_filter_per_batch_time_list": [
            0.25534629821777344,
            0.11491775512695312,
            0.04506111145019531,
            0.04410743713378906,
            0.04076957702636719,
            0.1442432403564453,
            0.03719329833984375,
            0.030040740966796875,
            0.027894973754882812,
            0.04315376281738281,
            0.0400543212890625,
            0.0362396240234375,
            0.030994415283203125,
            0.031948089599609375,
            0.03409385681152344,
            0.029087066650390625,
            0.025033950805664062,
            0.03314018249511719,
            0.028848648071289062,
            0.030040740966796875,
            0.03409385681152344,
            0.04506111145019531,
            0.029087066650390625,
            0.030279159545898438,
            0.023126602172851562,
            0.026702880859375,
            0.026226043701171875,
            0.03314018249511719,
            0.031948089599609375,
            0.031948089599609375,
            0.026226043701171875,
            0.03504753112792969,
            0.030279159545898438,
            0.026226043701171875,
            0.031948089599609375,
            0.025987625122070312,
            0.026226043701171875,
            0.024080276489257812,
            0.027179718017578125,
            0.026226043701171875,
            0.02002716064453125,
            0.025033950805664062,
            0.023126602172851562,
            0.023126602172851562,
            0.026941299438476562,
            0.02002716064453125,
            0.025987625122070312,
            0.027894973754882812,
            0.025033950805664062,
            0.032901763916015625,
            0.024080276489257812,
            0.021219253540039062,
            0.026226043701171875,
            0.028371810913085938,
            0.023126602172851562,
            0.025033950805664062,
            0.02384185791015625,
            0.036716461181640625,
            0.02384185791015625,
            0.0247955322265625,
            0.028848648071289062,
            0.023126602172851562,
            0.023126602172851562,
            0.025987625122070312
        ],