{
    "model_positives": 154,
    "bloom_positives": 41,
    "total_positives": 195,
    "num_successful_urls": 1024,
    "failed_urls": [],
    "timing": {
        "total_preprocessing_time": 1.77001953125,
        "preprocessing_time_per_url": 0.0017285346984863281,
        "warmup_batch_time": 0.8502006530761719,
        "moving_tensor_to_device_per_batch_time_list": [
            1.0237693786621094,
            0.6661415100097656,
            0.7290840148925781,
            0.8900165557861328
        ],
        "inference_per_batch_time_list": [
            6.612062454223633,
            4.104852676391602,
            4.506826400756836,
            4.02522087097168
        ],
        "overflow_bloom_filter_per_batch_time_list": [
            0.6308555603027344,
            0.3750324249267578,
            0.6430149078369141,
            0.3802776336669922
        ],
        "batch_total_latency_per_batch_time_list": [
            8.341789245605469,
            5.188226699829102,
            5.917787551879883,
            5.332231521606445
        ]
    },
    "size_metrics": {
        "model_size_bytes": 44868,
        "overflow_bloom_filter_size_bytes": 4430,
        "traditional_bloom_filter_size_bytes": 22462.584307360594
    },
    "traditional_bloom": {
        "traditional_bloom_positives": 194,
        "timing": {
            "total_time": 1.8618106842041016,
            "time_per_url": 0.001818174496293068,
            "urls_per_second": 550002.2148802663
        }
    },
    "batch_size": 256,
    "sample_size": 1024
}