{
    "model_positives": 168,
    "bloom_positives": 26,
    "total_positives": 194,
    "num_successful_urls": 1024,
    "failed_urls": [],
    "timing": {
        "total_preprocessing_time": 1.7154216766357422,
        "preprocessing_time_per_url": 0.001675216481089592,
        "warmup_batch_time": 19.150257110595703,
        "moving_tensor_to_device_per_batch_time_list": [
            0.09989738464355469,
            0.052928924560546875,
            0.04673004150390625,
            0.048160552978515625,
            0.05412101745605469,
            0.049114227294921875,
            0.04696846008300781,
            0.04410743713378906,
            0.048160552978515625,
            0.05507469177246094,
            0.04601478576660156,
            0.04482269287109375,
            0.04410743713378906,
            0.04506111145019531,
            0.04410743713378906,
            0.0457763671875,
            0.07796287536621094,
            0.04982948303222656,
            0.04601478576660156,
            0.04601478576660156,
            0.06413459777832031,
            0.06008148193359375,
            0.05793571472167969,
            0.07987022399902344,
            0.04601478576660156,
            0.0438690185546875,
            0.04506111145019531,
            0.051021575927734375,
            0.051975250244140625,
            0.0476837158203125,
            0.046253204345703125,
            0.0438690185546875,
            0.041961669921875,
            0.0438690185546875,
            0.041961669921875,
            0.04315376281738281,
            0.04291534423828125,
            0.04124641418457031,
            0.041961669921875,
            0.041961669921875,
            0.04100799560546875,
            0.04100799560546875,
            0.04410743713378906,
            0.041961669921875,
            0.04315376281738281,
            0.041961669921875,
            0.041961669921875,
            0.04100799560546875,
            0.04291534423828125,
            0.041961669921875,
            0.041961669921875,
            0.04291534423828125,
            0.041961669921875,
            0.04291534423828125,
            0.053882598876953125,
            0.041961669921875,
            0.0438690185546875,
            0.041961669921875,
            0.04315376281738281,
            0.0438690185546875,
            0.041961669921875,
            0.041961669921875,
            0.041961669921875,
            0.04410743713378906
        ],
        "inference_per_batch_time_list": [
            3.4241676330566406,
            0.9450912475585938,
            1.0120868682861328,
            1.2769699096679688,
            1.0716915130615234,
            0.9429454803466797,
            0.8921623229980469,
            0.8897781372070312,
            0.8146762847900391,
            0.8969306945800781,
            0.8246898651123047,
            0.8080005645751953,
            0.7989406585693359,
            0.7989406585693359,
            0.8678436279296875,
            0.8733272552490234,
            1.1761188507080078,
            0.8869171142578125,
            0.9839534759521484,
            0.9007453918457031,
            1.013040542602539,
            1.79290771484375,
            1.0199546813964844,
            0.9016990661621094,
            0.8490085601806641,
            0.9942054748535156,
            0.8661746978759766,
            0.9210109710693359,
            0.9820461273193359,
            0.9021759033203125,
            0.8258819580078125,
            0.7848739624023438,
            0.8029937744140625,
            0.8492469787597656,
            0.8797645568847656,
            0.7848739624023438,
            0.7722377777099609,
            0.78582763671875,
            0.7681846618652344,
            0.7617473602294922,
            0.7710456848144531,
            0.7648468017578125,
            0.8921623229980469,
            0.8080005645751953,
            0.8230209350585938,
            0.7688999176025391,
            0.7600784301757812,
            0.7638931274414062,
            0.762939453125,
            0.8029937744140625,
            0.75531005859375,
            0.7541179656982422,
            0.7939338684082031,
            0.7719993591308594,
            0.7579326629638672,
            0.7421970367431641,
            0.8130073547363281,
            0.8380413055419922,
            0.8339881896972656,
            0.7951259613037109,
            0.8020401000976562,
            0.7901191711425781,
            0.7789134979248047,
            0.7650852203369141
        ],
        "overflow_bloom_filter_per_batch_time_list": [
            0.19884109497070312,
            0.029087066650390625,
            0.025987625122070312,
            0.028133392333984375,
            0.031948089599609375,
            0.029325485229492188,
            0.02288818359375,
            0.032901763916015625,
            0.027894973754882812,
            0.032901763916015625,
            0.027894973754882812,
            0.025272369384765625,
            0.02193450927734375,
            0.025033950805664062,
            0.028133392333984375,
            0.026941299438476562,
            0.030994415283203125,
            0.025987625122070312,
            0.028848648071289062,
            0.025987625122070312,
            0.028848648071289062,
            0.03814697265625,
            0.030994415283203125,
            0.028133392333984375,
            0.027894973754882812,
            0.022649765014648438,
            0.026941299438476562,
            0.031948089599609375,
            0.028848648071289062,
            0.028848648071289062,
            0.029802322387695312,
            0.025033950805664062,
            0.025987625122070312,
            0.028133392333984375,
            0.028848648071289062,
            0.019073486328125,
            0.021219253540039062,
            0.02193450927734375,
            0.02574920654296875,
            0.024080276489257812,
            0.0209808349609375,
            0.02574920654296875,
            0.025033950805664062,
            0.025033950805664062,
            0.02002716064453125,
            0.025033950805664062,
            0.02384185791015625,
            0.026941299438476562,
            0.025033950805664062,
            0.02288818359375,
            0.023126602172851562,
            0.027894973754882812,
            0.030040740966796875,
            0.025033950805664062,
            0.020265579223632812,
            0.027179718017578125,
            0.025272369384765625,
            0.024080276489257812,
            0.02574920654296875,
            0.0171661376953125,
            0.023126602172851562,
            0.026941299438476562,
            0.025033950805664062,
            0.024080276489257812
        ],