{
    "model_positives": 183,
    "bloom_positives": 34,
    "total_positives": 217,
    "num_successful_urls": 1024,
    "failed_urls": [],
    "timing": {
        "total_preprocessing_time": 1.6210079193115234,
        "preprocessing_time_per_url": 0.0015830155462026596,
        "warmup_batch_time": 0.9577274322509766,
        "moving_tensor_to_device_per_batch_time_list": [
            0.2460479736328125,
            0.26106834411621094,
            0.18095970153808594,
            0.16689300537109375,
            0.16307830810546875,
            0.16808509826660156,
            0.19478797912597656,
            0.17595291137695312,
            0.17595291137695312,
            0.17189979553222656,
            0.16617774963378906,
            0.164031982421875,
            0.17595291137695312,
            0.1709461212158203,
            0.1766681671142578,
            0.15997886657714844
        ],
        "inference_per_batch_time_list": [
            2.410888671875,
            2.7260780334472656,
            1.4836788177490234,
            1.3709068298339844,
            1.4688968658447266,
            1.8091201782226562,
            1.6040802001953125,
            1.5101432800292969,
            1.589059829711914,
            1.461029052734375,
            1.3051033020019531,
            1.251220703125,
            1.5881061553955078,
            1.4500617980957031,
            1.463174819946289,
            1.2691020965576172
        ],
        "overflow_bloom_filter_per_batch_time_list": [
            0.24700164794921875,
            0.11110305786132812,
            0.09608268737792969,
            0.09608268737792969,
            0.09918212890625,
            0.49591064453125,
            0.09489059448242188,
            0.1049041748046875,
            0.1049041748046875,
            0.08893013000488281,
            0.08606910705566406,
            0.102996826171875,
            0.10395050048828125,
            0.09560585021972656,
            0.11110305786132812,
            0.09584426879882812
        ],
        "batch_total_latency_per_batch_time_list": [
            3.0050277709960938,
            3.1418800354003906,
            1.786947250366211,
            1.6429424285888672,
            1.7430782318115234,
            2.511262893676758,
            1.924753189086914,
            1.814126968383789,
            1.8892288208007812,
            1.7387866973876953,
            1.5652179718017578,
            1.5411376953125,
            1.898050308227539,
            1.737833023071289,
            1.7697811126708984,
            1.531839370727539
        ]
    },
    "size_metrics": {
        "model_size_bytes": 44868,
        "overflow_bloom_filter_size_bytes": 4430,
        "traditional_bloom_filter_size_bytes": 22462.584307360594
    },
    "traditional_bloom": {
        "traditional_bloom_positives": 215,
        "timing": {
            "total_time": 1.7709732055664062,
            "time_per_url": 0.0017294660210609436,
            "urls_per_second": 578213.1523963382
        }
    },
    "batch_size": 64,
    "sample_size": 1024
}