{
    "model_positives": 169,
    "bloom_positives": 30,
    "total_positives": 199,
    "num_successful_urls": 1024,
    "failed_urls": [],
    "timing": {
        "total_preprocessing_time": 1.85394287109375,
        "preprocessing_time_per_url": 0.0018104910850524902,
        "warmup_batch_time": 1.0156631469726562,
        "moving_tensor_to_device_per_batch_time_list": [
            0.1862049102783203,
            0.09584426879882812,
            0.09202957153320312,
            0.0858306884765625,
            0.09083747863769531,
            0.7069110870361328,
            0.21696090698242188,
            0.09322166442871094,
            0.08511543273925781,
            0.09107589721679688,
            0.09322166442871094,
            0.09107589721679688,
            0.0858306884765625,
            0.08606910705566406,
            0.09894371032714844,
            0.09298324584960938,
            0.09512901306152344,
            0.08606910705566406,
            0.08821487426757812,
            0.09202957153320312,
            0.08511543273925781,
            0.08702278137207031,
            0.08821487426757812,
            0.08082389831542969,
            0.08487701416015625,
            0.08511543273925781,
            0.08606910705566406,
            0.08106231689453125,
            0.08702278137207031,
            0.0820159912109375,
            0.08106231689453125,
            0.08177757263183594
        ],
        "inference_per_batch_time_list": [
            2.1009445190429688,
            1.4438629150390625,
            0.9980201721191406,
            1.1053085327148438,
            1.6260147094726562,
            2.2690296173095703,
            1.7838478088378906,
            1.1305809020996094,
            1.010894775390625,
            1.844167709350586,
            1.1069774627685547,
            0.9899139404296875,
            1.0380744934082031,
            1.0478496551513672,
            1.1570453643798828,
            1.2958049774169922,
            1.07574462890625,
            1.0552406311035156,
            1.2979507446289062,
            1.0371208190917969,
            0.9729862213134766,
            1.0159015655517578,
            0.9658336639404297,
            0.9210109710693359,
            0.9548664093017578,
            0.9961128234863281,
            0.9160041809082031,
            0.9710788726806641,
            0.9179115295410156,
            0.9338855743408203,
            0.9369850158691406,
            0.9150505065917969
        ],
        "overflow_bloom_filter_per_batch_time_list": [
            0.10371208190917969,
            0.05888938903808594,
            0.05602836608886719,
            0.05888938903808594,
            0.07200241088867188,
            0.06604194641113281,
            0.06008148193359375,
            0.06723403930664062,
            0.05078315734863281,
            0.053882598876953125,
            0.05626678466796875,
            0.04482269287109375,
            0.04506111145019531,
            0.05602836608886719,
            0.08082389831542969,
            0.0591278076171875,
            0.056743621826171875,
            0.055789947509765625,
            0.052928924560546875,
            0.05507469177246094,
            0.04506111145019531,
            0.052928924560546875,
            0.04029273986816406,
            0.048160552978515625,
            0.049114227294921875,
            0.049114227294921875,
            0.04291534423828125,
            0.04696846008300781,
            0.0438690185546875,
            0.04506111145019531,
            0.04696846008300781,
            0.04601478576660156
        ],
        "batch_total_latency_per_batch_time_list": [
            2.4759769439697266,
            1.626729965209961,
            1.1630058288574219,
            1.271963119506836,
            1.828908920288086,
            3.0879974365234375,
            2.089977264404297,
            1.3020038604736328,
            1.1630058288574219,
            2.0170211791992188,
            1.2662410736083984,
            1.1398792266845703,
            1.1780261993408203,
            1.2018680572509766,
            1.3589859008789062,
            1.4698505401611328,
            1.241922378540039,
            1.2080669403076172,
            1.4591217041015625,
            1.2001991271972656,
            1.110076904296875,
            1.1680126190185547,
            1.1012554168701172,
            1.0559558868408203,
            1.0960102081298828,
            1.1372566223144531,
            1.0519027709960938,
            1.1050701141357422,
            1.055002212524414,
            1.0690689086914062,
            1.0709762573242188,
            1.049041748046875
        ]
    },
    "size_metrics": {
        "model_size_bytes": 44868,
        "overflow_bloom_filter_size_bytes": 4430,
        "traditional_bloom_filter_size_bytes": 22462.584307360594
    },
    "traditional_bloom": {
        "traditional_bloom_positives": 205,
        "timing": {
            "total_time": 2.093791961669922,
            "time_per_url": 0.002044718712568283,
            "urls_per_second": 489064.82532452745
        }
    },
    "batch_size": 32,
    "sample_size": 1024
}