{
    "model_positives": 182,
    "bloom_positives": 32,
    "total_positives": 214,
    "num_successful_urls": 1024,
    "failed_urls": [],
    "timing": {
        "total_preprocessing_time": 1.9378662109375,
        "preprocessing_time_per_url": 0.0018924474716186523,
        "warmup_batch_time": 581.5720558166504,
        "moving_tensor_to_device_per_batch_time_list": [
            0.6489753723144531,
            0.30994415283203125,
            0.27179718017578125,
            0.27489662170410156,
            0.2892017364501953,
            0.27489662170410156,
            0.26988983154296875,
            0.263214111328125,
            0.28204917907714844,
            0.2608299255371094,
            0.2639293670654297,
            0.2579689025878906,
            0.26702880859375,
            0.2601146697998047,
            0.30422210693359375,
            0.26607513427734375,
            0.2682209014892578,
            0.2582073211669922,
            0.3483295440673828,
            0.23674964904785156,
            0.26702880859375,
            0.24700164794921875,
            0.2849102020263672,
            0.2579689025878906,
            0.26297569274902344,
            0.26226043701171875,
            0.2751350402832031,
            0.2570152282714844,
            0.3161430358886719,
            0.30994415283203125,
            0.26488304138183594,
            0.2722740173339844,
            0.27871131896972656,
            0.2529621124267578,
            0.2849102020263672,
            0.26297569274902344,
            0.25916099548339844,
            0.2830028533935547,
            0.23603439331054688,
            0.2658367156982422,
            0.308990478515625,
            0.31495094299316406,
            0.4050731658935547,
            0.24318695068359375,
            0.286102294921875,
            0.2760887145996094,
            0.2570152282714844,
            0.6551742553710938,
            0.2627372741699219,
            0.27108192443847656,
            0.2651214599609375,
            0.25081634521484375,
            0.2448558807373047,
            0.6380081176757812,
            0.2849102020263672,
            0.3330707550048828,
            0.29778480529785156,
            0.24199485778808594,
            0.2932548522949219,
            0.286102294921875,
            0.2841949462890625,
            0.25081634521484375,
            0.2620220184326172,
            0.2200603485107422
        ],
        "inference_per_batch_time_list": [
            53.07912826538086,
            17.952919006347656,
            17.13085174560547,
            16.988039016723633,
            17.47608184814453,
            17.240047454833984,
            16.874313354492188,
            16.882896423339844,
            17.077922821044922,
            16.889095306396484,
            17.49420166015625,
            17.267942428588867,
            16.878128051757812,
            16.771793365478516,
            16.69764518737793,
            16.900062561035156,
            17.167091369628906,
            17.389774322509766,
            16.8609619140625,
            16.88098907470703,
            16.53289794921875,
            17.109155654907227,
            17.235994338989258,
            16.895055770874023,
            16.685962677001953,
            16.99972152709961,
            16.827821731567383,
            17.160892486572266,
            16.988754272460938,
            17.07315444946289,
            16.95990562438965,
            16.878843307495117,
            16.58010482788086,
            16.61205291748047,
            17.928123474121094,
            17.611980438232422,
            17.045974731445312,
            105.74078559875488,
            30.537843704223633,
            17.4410343170166,
            17.89379119873047,
            17.19212532043457,
            16.997098922729492,
            17.06385612487793,
            17.14801788330078,
            17.11416244506836,
            17.462968826293945,
            17.35377311706543,
            16.90506935119629,
            17.25602149963379,
            16.885995864868164,
            16.846179962158203,
            18.774986267089844,
            17.858028411865234,
            17.139911651611328,
            17.010927200317383,
            16.678333282470703,
            16.930818557739258,
            17.246007919311523,
            16.810894012451172,
            16.620159149169922,
            16.906261444091797,
            16.817092895507812,
            17.367124557495117
        ],
        "overflow_bloom_filter_per_batch_time_list": [
            0.09274482727050781,
            0.03886222839355469,
            0.04887580871582031,
            0.03409385681152344,
            0.03981590270996094,
            0.03695487976074219,
            0.03600120544433594,
            0.04482269287109375,
            0.047206878662109375,
            0.03528594970703125,
            0.0400543212890625,
            0.041961669921875,
            0.03504753112792969,
            0.04506111145019531,
            0.03886222839355469,
            0.028848648071289062,
            0.03600120544433594,
            0.04696846008300781,
            0.04291534423828125,
            0.03600120544433594,
            0.04315376281738281,
            0.03409385681152344,
            0.04100799560546875,
            0.03719329833984375,
            0.03504753112792969,
            0.036716461181640625,
            0.03910064697265625,
            0.03886222839355469,
            0.04291534423828125,
            0.03981590270996094,
            0.03314018249511719,
            0.04506111145019531,
            0.029802322387695312,
            0.0400543212890625,
            0.046253204345703125,
            0.03695487976074219,
            0.047206878662109375,
            0.04696846008300781,
            0.03981590270996094,
            0.03790855407714844,
            0.04506111145019531,
            0.0400543212890625,
            0.03695487976074219,
            0.03910064697265625,
            0.035762786865234375,
            0.030994415283203125,
            0.03814697265625,
            0.035762786865234375,
            0.031232833862304688,
            0.03719329833984375,
            0.027894973754882812,
            0.030994415283203125,
            0.03695487976074219,
            0.0362396240234375,
            0.03504753112792969,
            0.031948089599609375,
            0.03218650817871094,
            0.04267692565917969,
            0.03361701965332031,
            0.04696846008300781,
            0.0247955322265625,
            0.027179718017578125,
            0.0400543212890625,
            0.034809112548828125
        ],