{
    "model_positives": 160,
    "bloom_positives": 22,
    "total_positives": 182,
    "num_successful_urls": 1024,
    "failed_urls": [],
    "timing": {
        "total_preprocessing_time": 1.8439292907714844,
        "preprocessing_time_per_url": 0.0018007121980190277,
        "warmup_batch_time": 63.77720832824707,
        "moving_tensor_to_device_per_batch_time_list": [
            0.7040500640869141,
            0.3070831298828125,
            0.3139972686767578,
            0.3108978271484375,
            0.3261566162109375,
            0.2770423889160156,
            0.29778480529785156,
            0.3139972686767578,
            0.4851818084716797,
            0.3139972686767578,
            0.3380775451660156,
            0.3261566162109375,
            0.26702880859375,
            0.2980232238769531,
            0.3020763397216797,
            0.2689361572265625,
            0.3199577331542969,
            0.3120899200439453,
            0.27108192443847656,
            0.2841949462890625,
            0.2810955047607422,
            0.3440380096435547,
            0.34499168395996094,
            0.2918243408203125,
            0.2930164337158203,
            0.3108978271484375,
            0.32329559326171875,
            0.32210350036621094,
            0.28014183044433594,
            0.33211708068847656,
            0.3108978271484375,
            0.2849102020263672
        ],
        "inference_per_batch_time_list": [
            55.53913116455078,
            18.501996994018555,
            17.30203628540039,
            17.47894287109375,
            17.190933227539062,
            17.431020736694336,
            17.348289489746094,
            18.590211868286133,
            17.968177795410156,
            18.017053604125977,
            18.280029296875,
            17.465829849243164,
            17.39215850830078,
            17.236948013305664,
            16.508817672729492,
            17.213106155395508,
            17.42100715637207,
            16.536712646484375,
            16.20793342590332,
            17.176151275634766,
            17.026901245117188,
            17.225027084350586,
            18.513917922973633,
            17.68183708190918,
            18.22495460510254,
            17.892122268676758,
            19.05369758605957,
            16.48998260498047,
            16.981840133666992,
            17.541885375976562,
            17.377138137817383,
            16.360998153686523
        ],
        "overflow_bloom_filter_per_batch_time_list": [
            0.13113021850585938,
            0.06389617919921875,
            0.057220458984375,
            0.052928924560546875,
            0.06413459777832031,
            0.06198883056640625,
            0.07009506225585938,
            0.07295608520507812,
            0.07009506225585938,
            0.080108642578125,
            0.06914138793945312,
            0.05817413330078125,
            0.05984306335449219,
            0.04982948303222656,
            0.051975250244140625,
            0.05602836608886719,
            0.056743621826171875,
            0.0629425048828125,
            0.052928924560546875,
            0.055789947509765625,
            0.055789947509765625,
            0.0667572021484375,
            0.07295608520507812,
            0.06318092346191406,
            0.05984306335449219,
            0.06198883056640625,
            0.0629425048828125,
            0.051975250244140625,
            0.05602836608886719,
            0.05888938903808594,
            0.057220458984375,
            0.0591278076171875
        ],
        "batch_total_latency_per_batch_time_list": [
            56.48612976074219,
            18.917083740234375,
            17.692089080810547,
            17.858028411865234,
            17.61627197265625,
            17.794132232666016,
            17.75503158569336,
            19.015073776245117,
            18.561124801635742,
            18.45693588256836,
            18.72706413269043,
            17.87424087524414,
            17.747879028320312,
            17.6088809967041,
            16.87908172607422,
            17.58098602294922,
            17.836809158325195,
            16.955852508544922,
            16.546964645385742,
            17.536163330078125,
            17.39192008972168,
            17.671823501586914,
            18.996000289916992,
            18.068790435791016,
            18.61286163330078,
            18.303871154785156,
            19.47307586669922,
            16.88981056213379,
            17.347097396850586,
            17.967939376831055,
            17.76885986328125,
            16.730785369873047
        ]
    },
    "size_metrics": {
        "model_size_bytes": 875012,
        "overflow_bloom_filter_size_bytes": 2821,
        "traditional_bloom_filter_size_bytes": 22462.584307360594
    },
    "traditional_bloom": {
        "traditional_bloom_positives": 181,
        "timing": {
            "total_time": 1.9459724426269531,
            "time_per_url": 0.001900363713502884,
            "urls_per_second": 526215.0570938495
        }
    },
    "batch_size": 32,
    "sample_size": 1024
}