{
    "model_positives": 174,
    "bloom_positives": 25,
    "total_positives": 199,
    "num_successful_urls": 1024,
    "failed_urls": [],
    "timing": {
        "total_preprocessing_time": 1.7580986022949219,
        "preprocessing_time_per_url": 0.0017168931663036346,
        "warmup_batch_time": 67.48604774475098,
        "moving_tensor_to_device_per_batch_time_list": [
            1.0051727294921875,
            0.39076805114746094,
            0.3521442413330078,
            0.3871917724609375,
            0.6091594696044922,
            0.4229545593261719,
            0.3800392150878906,
            0.3390312194824219,
            0.3981590270996094,
            0.40411949157714844,
            0.35190582275390625,
            0.4451274871826172,
            0.3790855407714844,
            0.34880638122558594,
            0.3781318664550781,
            0.3540515899658203
        ],
        "inference_per_batch_time_list": [
            54.132938385009766,
            17.338991165161133,
            17.5931453704834,
            17.108917236328125,
            17.828702926635742,
            17.327070236206055,
            17.187118530273438,
            17.076969146728516,
            17.136812210083008,
            16.922950744628906,
            17.586946487426758,
            17.140865325927734,
            17.479896545410156,
            17.0900821685791,
            17.27008819580078,
            17.287015914916992
        ],
        "overflow_bloom_filter_per_batch_time_list": [
            0.15997886657714844,
            0.10085105895996094,
            0.09393692016601562,
            0.1010894775390625,
            0.11324882507324219,
            0.12993812561035156,
            0.09489059448242188,
            0.10585784912109375,
            0.09870529174804688,
            0.09894371032714844,
            0.1461505889892578,
            0.10967254638671875,
            0.1068115234375,
            0.10013580322265625,
            0.08797645568847656,
            0.09512901306152344
        ],
        "batch_total_latency_per_batch_time_list": [
            55.39512634277344,
            17.859697341918945,
            18.055200576782227,
            17.61317253112793,
            18.586158752441406,
            17.913103103637695,
            17.679929733276367,
            17.548799514770508,
            17.65298843383789,
            17.441987991333008,
            18.121957778930664,
            17.732858657836914,
            17.991065979003906,
            17.560958862304688,
            17.75217056274414,
            17.759084701538086
        ]
    },
    "size_metrics": {
        "model_size_bytes": 875012,
        "overflow_bloom_filter_size_bytes": 2821,
        "traditional_bloom_filter_size_bytes": 22462.584307360594
    },
    "traditional_bloom": {
        "traditional_bloom_positives": 197,
        "timing": {
            "total_time": 1.8203258514404297,
            "time_per_url": 0.0017776619642972946,
            "urls_per_second": 562536.6464963981
        }
    },
    "batch_size": 64,
    "sample_size": 1024
}