{
    "model_positives": 176,
    "bloom_positives": 21,
    "total_positives": 197,
    "num_successful_urls": 1024,
    "failed_urls": [],
    "timing": {
        "total_preprocessing_time": 1.8229484558105469,
        "preprocessing_time_per_url": 0.0017802231013774872,
        "warmup_batch_time": 68.30382347106934,
        "moving_tensor_to_device_per_batch_time_list": [
            0.9970664978027344,
            0.2510547637939453,
            0.26297569274902344,
            0.29587745666503906,
            0.2589225769042969,
            0.25200843811035156,
            0.25200843811035156,
            0.2849102020263672,
            0.2942085266113281,
            0.25010108947753906,
            0.25916099548339844,
            0.2620220184326172,
            0.25773048400878906,
            0.25081634521484375,
            0.5052089691162109,
            0.2448558807373047,
            0.2760887145996094,
            0.4858970642089844,
            0.3018379211425781,
            0.2682209014892578,
            0.2498626708984375,
            0.24318695068359375,
            0.2841949462890625,
            0.2841949462890625,
            0.29587745666503906,
            0.28705596923828125,
            0.2472400665283203,
            0.24199485778808594,
            0.43487548828125,
            0.2541542053222656,
            0.2560615539550781,
            0.2498626708984375,
            0.2281665802001953,
            0.2779960632324219,
            0.2579689025878906,
            0.24199485778808594,
            0.2338886260986328,
            0.225067138671875,
            0.2567768096923828,
            0.30517578125,
            0.2319812774658203,
            0.2200603485107422,
            0.23508071899414062,
            0.24127960205078125,
            0.23698806762695312,
            0.2560615539550781,
            0.2238750457763672,
            0.23818016052246094,
            0.2448558807373047,
            0.2460479736328125,
            0.24771690368652344,
            0.6198883056640625,
            0.3173351287841797,
            0.22602081298828125,
            0.2911090850830078,
            0.28014183044433594,
            0.26297569274902344,
            0.2582073211669922,
            0.3209114074707031,
            0.2770423889160156,
            0.26702880859375,
            0.2770423889160156,
            0.2529621124267578,
            0.23698806762695312
        ],
        "inference_per_batch_time_list": [
            52.65402793884277,
            23.359060287475586,
            17.761945724487305,
            17.20404624938965,
            17.80414581298828,
            17.102956771850586,
            17.306089401245117,
            17.040729522705078,
            16.61086082458496,
            17.08698272705078,
            17.167091369628906,
            17.54903793334961,
            17.087936401367188,
            16.78919792175293,
            16.525983810424805,
            16.70217514038086,
            17.251014709472656,
            17.528057098388672,
            17.089128494262695,
            16.803979873657227,
            16.85309410095215,
            17.027854919433594,
            20.555973052978516,
            18.594741821289062,
            54.39591407775879,
            21.35491371154785,
            19.981861114501953,
            20.460128784179688,
            20.756959915161133,
            20.151853561401367,
            19.590139389038086,
            20.594358444213867,
            19.98281478881836,
            22.11308479309082,
            19.418954849243164,
            21.03900909423828,
            18.743038177490234,
            20.550966262817383,
            20.46513557434082,
            19.439697265625,
            20.534992218017578,
            20.967960357666016,
            18.43881607055664,
            19.112825393676758,
            20.002126693725586,
            18.375158309936523,
            18.42522621154785,
            19.551992416381836,
            18.484115600585938,
            19.9277400970459,
            21.650314331054688,
            22.72796630859375,
            26.970863342285156,
            19.136905670166016,
            18.205881118774414,
            17.2269344329834,
            17.796993255615234,
            17.224788665771484,
            18.055200576782227,
            17.20881462097168,
            17.685651779174805,
            17.676115036010742,
            17.302989959716797,
            17.663002014160156
        ],
        "overflow_bloom_filter_per_batch_time_list": [
            0.09918212890625,
            0.041961669921875,
            0.04506111145019531,
            0.03910064697265625,
            0.047206878662109375,
            0.0362396240234375,
            0.03910064697265625,
            0.03981590270996094,
            0.027894973754882812,
            0.07081031799316406,
            0.035762786865234375,
            0.03814697265625,
            0.030994415283203125,
            0.030279159545898438,
            0.031232833862304688,
            0.024080276489257812,
            0.03981590270996094,
            0.03695487976074219,
            0.030279159545898438,
            0.03886222839355469,
            0.057220458984375,
            0.04482269287109375,
            0.04315376281738281,
            0.04601478576660156,
            0.11897087097167969,
            0.04410743713378906,
            0.03981590270996094,
            0.04482269287109375,
            0.0438690185546875,
            0.04291534423828125,
            0.04887580871582031,
            0.041961669921875,
            0.04363059997558594,
            0.041961669921875,
            0.041961669921875,
            0.04506111145019531,
            0.04887580871582031,
            0.04887580871582031,
            0.041961669921875,
            0.041961669921875,
            0.04124641418457031,
            0.041961669921875,
            0.04291534423828125,
            0.041961669921875,
            0.04506111145019531,
            0.041961669921875,
            0.041961669921875,
            0.04100799560546875,
            0.04601478576660156,
            0.04291534423828125,
            0.04315376281738281,
            0.07605552673339844,
            0.036716461181640625,
            0.04792213439941406,
            0.03910064697265625,
            0.048160552978515625,
            0.03910064697265625,
            0.041961669921875,
            0.03600120544433594,
            0.03790855407714844,
            0.04291534423828125,
            0.03886222839355469,
            0.032901763916015625,
            0.035762786865234375
        ],