{
    "model_positives": 175,
    "bloom_positives": 25,
    "total_positives": 200,
    "num_successful_urls": 1024,
    "failed_urls": [],
    "timing": {
        "total_preprocessing_time": 1.9237995147705078,
        "preprocessing_time_per_url": 0.001878710463643074,
        "warmup_batch_time": 66.22672080993652,
        "moving_tensor_to_device_per_batch_time_list": [
            1.0440349578857422,
            0.3571510314941406,
            0.5400180816650391,
            0.3750324249267578,
            0.3619194030761719,
            0.35881996154785156,
            0.3750324249267578,
            0.4107952117919922,
            0.4012584686279297,
            0.4973411560058594,
            0.4608631134033203,
            0.5371570587158203,
            0.3421306610107422,
            0.3368854522705078,
            0.3581047058105469,
            0.3991127014160156
        ],
        "inference_per_batch_time_list": [
            55.94182014465332,
            21.638870239257812,
            24.61099624633789,
            20.191192626953125,
            21.066904067993164,
            17.59624481201172,
            17.927885055541992,
            17.673015594482422,
            16.91889762878418,
            17.805814743041992,
            16.968965530395508,
            16.691923141479492,
            16.83783531188965,
            19.08397674560547,
            16.540050506591797,
            17.360925674438477
        ],
        "overflow_bloom_filter_per_batch_time_list": [
            0.1518726348876953,
            0.11801719665527344,
            0.11301040649414062,
            0.13494491577148438,
            0.10085105895996094,
            0.10895729064941406,
            0.11301040649414062,
            0.10085105895996094,
            0.1049041748046875,
            0.11706352233886719,
            0.09822845458984375,
            0.10800361633300781,
            0.10704994201660156,
            0.11920928955078125,
            0.09703636169433594,
            0.11682510375976562
        ],
        "batch_total_latency_per_batch_time_list": [
            57.240962982177734,
            22.16196060180664,
            25.305986404418945,
            20.740985870361328,
            21.56972885131836,
            18.115997314453125,
            18.470048904418945,
            18.22066307067871,
            17.44699478149414,
            18.460988998413086,
            17.549991607666016,
            17.371177673339844,
            17.322063446044922,
            19.575119018554688,
            17.02094078063965,
            17.913103103637695
        ]
    },
    "size_metrics": {
        "model_size_bytes": 290052,
        "overflow_bloom_filter_size_bytes": 2756,
        "traditional_bloom_filter_size_bytes": 22462.584307360594
    },
    "traditional_bloom": {
        "traditional_bloom_positives": 197,
        "timing": {
            "total_time": 1.9521713256835938,
            "time_per_url": 0.0019064173102378845,
            "urls_per_second": 524544.125061065
        }
    },
    "batch_size": 64,
    "sample_size": 1024
}