{
    "model_positives": 167,
    "bloom_positives": 15,
    "total_positives": 182,
    "num_successful_urls": 1024,
    "failed_urls": [],
    "timing": {
        "total_preprocessing_time": 1.7189979553222656,
        "preprocessing_time_per_url": 0.0016787089407444,
        "warmup_batch_time": 64.30625915527344,
        "moving_tensor_to_device_per_batch_time_list": [
            0.9469985961914062,
            0.39005279541015625,
            0.2899169921875,
            0.29397010803222656,
            0.2982616424560547,
            0.30803680419921875,
            0.30732154846191406,
            0.3199577331542969,
            0.2849102020263672,
            0.3108978271484375,
            0.2989768981933594,
            0.41294097900390625,
            0.30517578125,
            0.26702880859375,
            0.3237724304199219,
            0.27489662170410156,
            0.30803680419921875,
            0.3180503845214844,
            0.2880096435546875,
            0.30422210693359375,
            0.29778480529785156,
            0.32520294189453125,
            0.3490447998046875,
            0.28896331787109375,
            0.30803680419921875,
            0.286102294921875,
            0.3008842468261719,
            0.28014183044433594,
            0.3230571746826172,
            0.3190040588378906,
            0.28395652770996094,
            0.308990478515625
        ],
        "inference_per_batch_time_list": [
            57.36589431762695,
            16.893863677978516,
            17.135143280029297,
            16.501188278198242,
            17.024755477905273,
            17.11726188659668,
            16.6778564453125,
            16.69907569885254,
            16.656875610351562,
            16.628265380859375,
            17.447948455810547,
            16.891956329345703,
            16.646862030029297,
            16.551733016967773,
            16.445159912109375,
            16.906023025512695,
            16.99090003967285,
            16.582727432250977,
            16.698837280273438,
            16.635894775390625,
            16.32404327392578,
            16.295909881591797,
            17.368078231811523,
            16.69001579284668,
            16.689777374267578,
            16.882896423339844,
            16.447067260742188,
            16.65520668029785,
            16.85190200805664,
            16.62898063659668,
            16.67189598083496,
            16.733169555664062
        ],
        "overflow_bloom_filter_per_batch_time_list": [
            0.10991096496582031,
            0.05316734313964844,
            0.0629425048828125,
            0.0591278076171875,
            0.07200241088867188,
            0.09489059448242188,
            0.04887580871582031,
            0.055789947509765625,
            0.05078315734863281,
            0.052928924560546875,
            0.08606910705566406,
            0.05412101745605469,
            0.04982948303222656,
            0.06413459777832031,
            0.04601478576660156,
            0.06127357482910156,
            0.06604194641113281,
            0.051975250244140625,
            0.05125999450683594,
            0.05698204040527344,
            0.06103515625,
            0.05817413330078125,
            0.06604194641113281,
            0.0591278076171875,
            0.0591278076171875,
            0.052928924560546875,
            0.05817413330078125,
            0.054836273193359375,
            0.06079673767089844,
            0.0629425048828125,
            0.05316734313964844,
            0.05888938903808594
        ],
        "batch_total_latency_per_batch_time_list": [
            58.53009223937988,
            17.362117767333984,
            17.522096633911133,
            16.87312126159668,
            17.435312271118164,
            17.55213737487793,
            17.060279846191406,
            17.107009887695312,
            17.00878143310547,
            17.009973526000977,
            17.893075942993164,
            17.390966415405273,
            17.01807975769043,
            16.906023025512695,
            16.82877540588379,
            17.27604866027832,
            17.39978790283203,
            16.984939575195312,
            17.055988311767578,
            17.017126083374023,
            16.698837280273438,
            16.69025421142578,
            17.81606674194336,
            17.07315444946289,
            17.087936401367188,
            17.253875732421875,
            16.82877540588379,
            17.014026641845703,
            17.274856567382812,
            17.041921615600586,
            17.030954360961914,
            17.13109016418457
        ]
    },
    "size_metrics": {
        "model_size_bytes": 290052,
        "overflow_bloom_filter_size_bytes": 2756,
        "traditional_bloom_filter_size_bytes": 22462.584307360594
    },
    "traditional_bloom": {
        "traditional_bloom_positives": 190,
        "timing": {
            "total_time": 1.814126968383789,
            "time_per_url": 0.001771608367562294,
            "urls_per_second": 564458.8376922066
        }
    },
    "batch_size": 32,
    "sample_size": 1024
}