{
    "model_positives": 126,
    "bloom_positives": 82,
    "total_positives": 208,
    "num_successful_urls": 1024,
    "failed_urls": [],
    "timing": {
        "total_preprocessing_time": 1.8301010131835938,
        "preprocessing_time_per_url": 0.0017872080206871033,
        "warmup_batch_time": 64.17274475097656,
        "moving_tensor_to_device_per_batch_time_list": [
            1.0287761688232422,
            0.3666877746582031,
            0.4069805145263672,
            0.4000663757324219,
            0.43392181396484375,
            0.37026405334472656,
            0.370025634765625,
            0.3960132598876953,
            0.3731250762939453,
            0.40793418884277344,
            0.40912628173828125,
            0.3838539123535156,
            0.3669261932373047,
            0.39505958557128906,
            0.3662109375,
            0.38623809814453125
        ],
        "inference_per_batch_time_list": [
            52.220821380615234,
            17.52924919128418,
            17.529964447021484,
            17.096757888793945,
            17.54283905029297,
            17.091751098632812,
            17.036914825439453,
            17.125844955444336,
            16.896963119506836,
            16.94798469543457,
            17.705917358398438,
            16.911983489990234,
            17.081022262573242,
            17.375946044921875,
            16.6318416595459,
            17.010927200317383
        ],
        "overflow_bloom_filter_per_batch_time_list": [
            0.2079010009765625,
            0.12278556823730469,
            0.10800361633300781,
            0.10895729064941406,
            0.16498565673828125,
            0.10204315185546875,
            0.10800361633300781,
            0.11181831359863281,
            0.11205673217773438,
            0.11181831359863281,
            0.11801719665527344,
            0.10800361633300781,
            0.09822845458984375,
            0.12302398681640625,
            0.09298324584960938,
            0.11706352233886719
        ],
        "batch_total_latency_per_batch_time_list": [
            53.604841232299805,
            18.051862716674805,
            18.06807518005371,
            17.626047134399414,
            18.175840377807617,
            17.582178115844727,
            17.53401756286621,
            17.656803131103516,
            17.40407943725586,
            17.482995986938477,
            18.27096939086914,
            17.422914505004883,
            17.568111419677734,
            17.962932586669922,
            17.107009887695312,
            17.547130584716797
        ]
    },
    "size_metrics": {
        "model_size_bytes": 9492,
        "overflow_bloom_filter_size_bytes": 10032,
        "traditional_bloom_filter_size_bytes": 22462.584307360594
    },
    "traditional_bloom": {
        "traditional_bloom_positives": 203,
        "timing": {
            "total_time": 1.9598007202148438,
            "time_per_url": 0.0019138678908348083,
            "urls_per_second": 522502.10413625307
        }
    },
    "batch_size": 64,
    "sample_size": 1024
}