{
    "model_positives": 114,
    "bloom_positives": 88,
    "total_positives": 202,
    "num_successful_urls": 1024,
    "failed_urls": [],
    "timing": {
        "total_preprocessing_time": 1.7940998077392578,
        "preprocessing_time_per_url": 0.001752050593495369,
        "warmup_batch_time": 63.17019462585449,
        "moving_tensor_to_device_per_batch_time_list": [
            0.7560253143310547,
            0.24890899658203125,
            0.26488304138183594,
            0.25391578674316406,
            0.2930164337158203,
            0.29730796813964844,
            0.2532005310058594,
            0.2751350402832031,
            0.28896331787109375,
            0.27298927307128906,
            0.26297569274902344,
            0.2739429473876953,
            0.24175643920898438,
            0.2529621124267578,
            0.25272369384765625,
            0.23698806762695312,
            0.26702880859375,
            0.26702880859375,
            0.26798248291015625,
            0.2498626708984375,
            0.27489662170410156,
            0.2570152282714844,
            0.2677440643310547,
            0.35572052001953125,
            0.24199485778808594,
            0.2830028533935547,
            0.26702880859375,
            0.25916099548339844,
            0.24008750915527344,
            0.5648136138916016,
            0.29087066650390625,
            0.2930164337158203,
            0.25582313537597656,
            0.2727508544921875,
            0.2980232238769531,
            0.45108795166015625,
            0.28324127197265625,
            0.28014183044433594,
            0.2560615539550781,
            0.26226043701171875,
            0.25010108947753906,
            0.2930164337158203,
            0.31304359436035156,
            0.2930164337158203,
            0.26702880859375,
            0.2560615539550781,
            0.28586387634277344,
            0.431060791015625,
            0.24390220642089844,
            0.25391578674316406,
            0.2620220184326172,
            0.2779960632324219,
            0.2608299255371094,
            0.30732154846191406,
            0.2892017364501953,
            0.22792816162109375,
            0.27108192443847656,
            0.2589225769042969,
            0.2808570861816406,
            0.2830028533935547,
            0.2880096435546875,
            0.2818107604980469,
            0.2808570861816406,
            0.5922317504882812
        ],
        "inference_per_batch_time_list": [
            52.549123764038086,
            17.713069915771484,
            17.17090606689453,
            16.627788543701172,
            17.35997200012207,
            17.274856567382812,
            16.92795753479004,
            16.853809356689453,
            17.009973526000977,
            17.184972763061523,
            17.647981643676758,
            17.030954360961914,
            17.446279525756836,
            16.937255859375,
            17.116069793701172,
            17.030954360961914,
            17.047882080078125,
            16.829967498779297,
            17.158985137939453,
            17.328977584838867,
            16.475915908813477,
            16.962766647338867,
            17.68016815185547,
            16.965150833129883,
            17.41504669189453,
            17.174959182739258,
            17.338991165161133,
            17.175912857055664,
            17.60411262512207,
            17.46201515197754,
            16.97516441345215,
            17.308950424194336,
            17.290115356445312,
            17.347097396850586,
            17.2727108001709,
            17.168760299682617,
            17.34614372253418,
            16.93272590637207,
            17.31085777282715,
            17.477989196777344,
            17.856121063232422,
            17.17996597290039,
            17.606019973754883,
            16.87002182006836,
            16.618013381958008,
            16.81685447692871,
            18.146038055419922,
            17.386198043823242,
            16.881227493286133,
            16.803979873657227,
            17.199039459228516,
            16.936063766479492,
            17.055034637451172,
            17.500877380371094,
            17.384767532348633,
            17.409086227416992,
            17.232894897460938,
            17.254114151000977,
            17.667055130004883,
            17.297029495239258,
            17.318010330200195,
            17.119169235229492,
            16.824960708618164,
            17.110586166381836
        ],
        "overflow_bloom_filter_per_batch_time_list": [
            0.08606910705566406,
            0.03504753112792969,
            0.032901763916015625,
            0.029087066650390625,
            0.04410743713378906,
            0.03409385681152344,
            0.03886222839355469,
            0.0438690185546875,
            0.031948089599609375,
            0.03504753112792969,
            0.049114227294921875,
            0.03981590270996094,
            0.05602836608886719,
            0.03910064697265625,
            0.03409385681152344,
            0.03814697265625,
            0.04506111145019531,
            0.04291534423828125,
            0.03600120544433594,
            0.03910064697265625,
            0.031948089599609375,
            0.034809112548828125,
            0.05602836608886719,
            0.04076957702636719,
            0.046253204345703125,
            0.03886222839355469,
            0.03814697265625,
            0.03314018249511719,
            0.05412101745605469,
            0.05364418029785156,
            0.04076957702636719,
            0.04673004150390625,
            0.04506111145019531,
            0.04506111145019531,
            0.04100799560546875,
            0.03981590270996094,
            0.03814697265625,
            0.0400543212890625,
            0.04100799560546875,
            0.04267692565917969,
            0.055789947509765625,
            0.04291534423828125,
            0.04124641418457031,
            0.04506111145019531,
            0.03504753112792969,
            0.036716461181640625,
            0.04506111145019531,
            0.04029273986816406,
            0.04100799560546875,
            0.03910064697265625,
            0.03814697265625,
            0.04315376281738281,
            0.08296966552734375,
            0.04315376281738281,
            0.04124641418457031,
            0.04410743713378906,
            0.03790855407714844,
            0.04100799560546875,
            0.04076957702636719,
            0.051021575927734375,
            0.03910064697265625,
            0.04792213439941406,
            0.025033950805664062,
            0.03600120544433594
        ],