{
    "model_positives": 127,
    "bloom_positives": 71,
    "total_positives": 198,
    "num_successful_urls": 1024,
    "failed_urls": [],
    "timing": {
        "total_preprocessing_time": 1.772165298461914,
        "preprocessing_time_per_url": 0.001730630174279213,
        "warmup_batch_time": 65.8571720123291,
        "moving_tensor_to_device_per_batch_time_list": [
            1.2059211730957031,
            0.3330707550048828,
            0.3256797790527344,
            0.2779960632324219,
            0.308990478515625,
            0.3361701965332031,
            0.28896331787109375,
            0.3247261047363281,
            0.2980232238769531,
            0.29015541076660156,
            0.3070831298828125,
            0.2932548522949219,
            0.30803680419921875,
            0.3139972686767578,
            0.2892017364501953,
            0.28514862060546875,
            0.2999305725097656,
            0.3230571746826172,
            0.2961158752441406,
            0.30612945556640625,
            0.3190040588378906,
            0.29397010803222656,
            0.3139972686767578,
            0.3139972686767578,
            0.2961158752441406,
            0.3380775451660156,
            0.3159046173095703,
            0.3020763397216797,
            0.33593177795410156,
            0.33783912658691406,
            0.2942085266113281,
            0.3139972686767578
        ],
        "inference_per_batch_time_list": [
            55.381059646606445,
            17.6851749420166,
            17.181396484375,
            17.190217971801758,
            17.835140228271484,
            16.994714736938477,
            17.162084579467773,
            17.09127426147461,
            17.19498634338379,
            16.97564125061035,
            17.526865005493164,
            17.265796661376953,
            18.02802085876465,
            17.99607276916504,
            16.94512367248535,
            17.113924026489258,
            17.20404624938965,
            17.38595962524414,
            17.077922821044922,
            17.1811580657959,
            17.203092575073242,
            17.262935638427734,
            17.168045043945312,
            17.474889755249023,
            17.021894454956055,
            16.931772232055664,
            17.452001571655273,
            17.102956771850586,
            17.43793487548828,
            17.4410343170166,
            16.963958740234375,
            16.837120056152344
        ],
        "overflow_bloom_filter_per_batch_time_list": [
            0.12326240539550781,
            0.06604194641113281,
            0.05698204040527344,
            0.05984306335449219,
            0.06103515625,
            0.052928924560546875,
            0.06079673767089844,
            0.06198883056640625,
            0.05507469177246094,
            0.05507469177246094,
            0.05984306335449219,
            0.05817413330078125,
            0.06890296936035156,
            0.08392333984375,
            0.052928924560546875,
            0.05984306335449219,
            0.06699562072753906,
            0.0591278076171875,
            0.06103515625,
            0.06318092346191406,
            0.05507469177246094,
            0.07200241088867188,
            0.0591278076171875,
            0.06127357482910156,
            0.06985664367675781,
            0.06604194641113281,
            0.0629425048828125,
            0.06604194641113281,
            0.06985664367675781,
            0.05817413330078125,
            0.06628036499023438,
            0.06198883056640625
        ],
        "batch_total_latency_per_batch_time_list": [
            56.84494972229004,
            18.119335174560547,
            17.580032348632812,
            17.54903793334961,
            18.245935440063477,
            17.403125762939453,
            17.532825469970703,
            17.50779151916504,
            17.564058303833008,
            17.336130142211914,
            17.926931381225586,
            17.644166946411133,
            18.444061279296875,
            18.440961837768555,
            17.30203628540039,
            17.482995986938477,
            17.606735229492188,
            17.800331115722656,
            17.4562931060791,
            17.574310302734375,
            17.594099044799805,
            17.673015594482422,
            17.577171325683594,
            17.8830623626709,
            17.43006706237793,
            17.36903190612793,
            17.859220504760742,
            17.495155334472656,
            17.879962921142578,
            17.867088317871094,
            17.35234260559082,
            17.240047454833984
        ]
    },
    "size_metrics": {
        "model_size_bytes": 9492,
        "overflow_bloom_filter_size_bytes": 10032,
        "traditional_bloom_filter_size_bytes": 22462.584307360594
    },
    "traditional_bloom": {
        "traditional_bloom_positives": 188,
        "timing": {
            "total_time": 1.9710063934326172,
            "time_per_url": 0.0019248109310865402,
            "urls_per_second": 519531.54663118423
        }
    },
    "batch_size": 32,
    "sample_size": 1024
}