{
    "model_positives": 177,
    "bloom_positives": 25,
    "total_positives": 202,
    "num_successful_urls": 1024,
    "failed_urls": [],
    "timing": {
        "total_preprocessing_time": 1.8079280853271484,
        "preprocessing_time_per_url": 0.0017655547708272934,
        "warmup_batch_time": 1.0302066802978516,
        "moving_tensor_to_device_per_batch_time_list": [
            0.1289844512939453,
            0.09799003601074219,
            0.10013580322265625,
            0.10085105895996094,
            0.09298324584960938,
            0.08988380432128906,
            0.09393692016601562,
            0.08916854858398438,
            0.0858306884765625,
            0.08821487426757812,
            0.08511543273925781,
            0.08392333984375,
            0.08797645568847656,
            0.08511543273925781,
            0.08416175842285156,
            0.08606910705566406,
            0.08296966552734375,
            0.08392333984375,
            0.09179115295410156,
            0.11801719665527344,
            0.11301040649414062,
            0.10609626770019531,
            0.1049041748046875,
            0.10013580322265625,
            0.09393692016601562,
            0.09107589721679688,
            0.08606910705566406,
            0.08988380432128906,
            0.08487701416015625,
            0.08606910705566406,
            0.08702278137207031,
            0.08392333984375
        ],
        "inference_per_batch_time_list": [
            7.308006286621094,
            4.539966583251953,
            4.9419403076171875,
            5.16819953918457,
            5.027055740356445,
            4.969120025634766,
            4.097223281860352,
            4.617929458618164,
            4.023075103759766,
            3.9680004119873047,
            3.968954086303711,
            4.064083099365234,
            4.623889923095703,
            3.8356781005859375,
            4.640817642211914,
            3.8650035858154297,
            4.339933395385742,
            4.51207160949707,
            4.105091094970703,
            51.60117149353027,
            16.594886779785156,
            7.212638854980469,
            4.923820495605469,
            5.294084548950195,
            4.147052764892578,
            4.181861877441406,
            4.997014999389648,
            4.379034042358398,
            4.621028900146484,
            4.640102386474609,
            4.530906677246094,
            4.433155059814453
        ],
        "overflow_bloom_filter_per_batch_time_list": [
            0.11587142944335938,
            0.07081031799316406,
            0.05507469177246094,
            0.06508827209472656,
            0.05412101745605469,
            0.0629425048828125,
            0.05602836608886719,
            0.05507469177246094,
            0.05507469177246094,
            0.051021575927734375,
            0.05507469177246094,
            0.05626678466796875,
            0.06103515625,
            0.050067901611328125,
            0.04887580871582031,
            0.05412101745605469,
            0.050067901611328125,
            0.06508827209472656,
            0.06604194641113281,
            0.08225440979003906,
            0.06413459777832031,
            0.0629425048828125,
            0.07009506225585938,
            0.06198883056640625,
            0.06008148193359375,
            0.06103515625,
            0.05412101745605469,
            0.05078315734863281,
            0.04982948303222656,
            0.05984306335449219,
            0.05817413330078125,
            0.05793571472167969
        ],
        "batch_total_latency_per_batch_time_list": [
            7.627964019775391,
            4.751920700073242,
            5.137205123901367,
            5.366086959838867,
            5.200862884521484,
            5.157947540283203,
            4.276037216186523,
            4.783153533935547,
            4.187822341918945,
            4.125118255615234,
            4.127025604248047,
            4.230022430419922,
            4.791021347045898,
            3.9911270141601562,
            4.7969818115234375,
            4.019975662231445,
            4.486083984375,
            4.696846008300781,
            4.311800003051758,
            51.88107490539551,
            16.808032989501953,
            7.424116134643555,
            5.141019821166992,
            5.49626350402832,
            4.323005676269531,
            4.357099533081055,
            5.171060562133789,
            4.537820816040039,
            4.7779083251953125,
            4.807949066162109,
            4.693031311035156,
            4.59599494934082
        ]
    },
    "size_metrics": {
        "model_size_bytes": 875012,
        "overflow_bloom_filter_size_bytes": 2821,
        "traditional_bloom_filter_size_bytes": 22462.584307360594
    },
    "traditional_bloom": {
        "traditional_bloom_positives": 201,
        "timing": {
            "total_time": 1.7871856689453125,
            "time_per_url": 0.0017452985048294067,
            "urls_per_second": 572967.8890074707
        }
    },
    "batch_size": 32,
    "sample_size": 1024
}