{
    "model_positives": 186,
    "bloom_positives": 31,
    "total_positives": 217,
    "num_successful_urls": 1024,
    "failed_urls": [],
    "timing": {
        "total_preprocessing_time": 1.7852783203125,
        "preprocessing_time_per_url": 0.0017434358596801758,
        "warmup_batch_time": 1.0907649993896484,
        "moving_tensor_to_device_per_batch_time_list": [
            0.2281665802001953,
            0.19025802612304688,
            0.1881122589111328,
            0.1838207244873047,
            0.1862049102783203,
            0.17499923706054688,
            0.18286705017089844,
            0.17714500427246094,
            0.1659393310546875,
            0.16689300537109375,
            0.1659393310546875,
            0.16617774963378906,
            0.17189979553222656,
            0.19311904907226562,
            0.16808509826660156,
            0.18095970153808594
        ],
        "inference_per_batch_time_list": [
            10.802984237670898,
            10.471820831298828,
            8.613824844360352,
            8.41212272644043,
            8.093833923339844,
            8.057117462158203,
            6.48188591003418,
            6.601095199584961,
            6.821155548095703,
            6.648063659667969,
            6.91986083984375,
            6.573677062988281,
            6.926059722900391,
            7.878780364990234,
            7.333993911743164,
            6.8531036376953125
        ],
        "overflow_bloom_filter_per_batch_time_list": [
            0.21076202392578125,
            0.11181831359863281,
            0.12683868408203125,
            0.10895729064941406,
            0.11014938354492188,
            0.11301040649414062,
            0.102996826171875,
            0.09489059448242188,
            0.102996826171875,
            0.10609626770019531,
            0.09799003601074219,
            0.09679794311523438,
            0.10395050048828125,
            0.10275840759277344,
            0.10085105895996094,
            0.10609626770019531
        ],
        "batch_total_latency_per_batch_time_list": [
            11.399030685424805,
            10.814905166625977,
            8.970022201538086,
            8.750677108764648,
            8.428096771240234,
            8.383989334106445,
            6.802797317504883,
            6.908178329467773,
            7.121086120605469,
            6.958961486816406,
            7.213830947875977,
            6.867885589599609,
            7.240772247314453,
            8.209943771362305,
            7.6351165771484375,
            7.172107696533203
        ]
    },
    "size_metrics": {
        "model_size_bytes": 875012,
        "overflow_bloom_filter_size_bytes": 2821,
        "traditional_bloom_filter_size_bytes": 22462.584307360594
    },
    "traditional_bloom": {
        "traditional_bloom_positives": 211,
        "timing": {
            "total_time": 1.7857551574707031,
            "time_per_url": 0.0017439015209674835,
            "urls_per_second": 573426.8753004005
        }
    },
    "batch_size": 64,
    "sample_size": 1024
}