{
    "model_positives": 159,
    "bloom_positives": 30,
    "total_positives": 189,
    "num_successful_urls": 1024,
    "failed_urls": [],
    "timing": {
        "total_preprocessing_time": 1.8067359924316406,
        "preprocessing_time_per_url": 0.001764390617609024,
        "warmup_batch_time": 1.9371509552001953,
        "moving_tensor_to_device_per_batch_time_list": [
            0.11396408081054688,
            0.0629425048828125,
            0.05698204040527344,
            0.052928924560546875,
            0.07081031799316406,
            0.05817413330078125,
            0.051975250244140625,
            0.06413459777832031,
            0.06008148193359375,
            0.0591278076171875,
            0.06103515625,
            0.0457763671875,
            0.0457763671875,
            0.0438690185546875,
            0.06508827209472656,
            0.052928924560546875,
            0.048160552978515625,
            0.04315376281738281,
            0.04410743713378906,
            0.046253204345703125,
            0.048160552978515625,
            0.04601478576660156,
            0.04601478576660156,
            0.04601478576660156,
            0.04482269287109375,
            0.04315376281738281,
            0.0457763671875,
            0.05507469177246094,
            0.04601478576660156,
            0.051021575927734375,
            0.04315376281738281,
            0.04506111145019531,
            0.0438690185546875,
            0.04696846008300781,
            0.04601478576660156,
            0.04792213439941406,
            0.04315376281738281,
            0.05817413330078125,
            0.052928924560546875,
            0.04506111145019531,
            0.04792213439941406,
            0.04506111145019531,
            0.04410743713378906,
            0.0591278076171875,
            0.05698204040527344,
            0.0629425048828125,
            0.05602836608886719,
            0.06008148193359375,
            0.04506111145019531,
            0.04506111145019531,
            0.04291534423828125,
            0.04291534423828125,
            0.04291534423828125,
            0.046253204345703125,
            0.06222724914550781,
            0.04363059997558594,
            0.04291534423828125,
            0.04482269287109375,
            0.0438690185546875,
            0.04410743713378906,
            0.04220008850097656,
            0.04291534423828125,
            0.041961669921875,
            0.04291534423828125
        ],
        "inference_per_batch_time_list": [
            3.7560462951660156,
            3.0341148376464844,
            2.7709007263183594,
            2.4530887603759766,
            3.336191177368164,
            2.6428699493408203,
            2.6230812072753906,
            2.515077590942383,
            2.9010772705078125,
            3.300905227661133,
            2.0020008087158203,
            2.1162033081054688,
            1.9619464874267578,
            2.09808349609375,
            1.966238021850586,
            2.3360252380371094,
            2.2399425506591797,
            2.1157264709472656,
            1.954793930053711,
            2.199888229370117,
            2.131938934326172,
            2.2242069244384766,
            2.4290084838867188,
            2.0668506622314453,
            2.046823501586914,
            2.1791458129882812,
            2.6082992553710938,
            2.0170211791992188,
            2.1810531616210938,
            2.044200897216797,
            2.062082290649414,
            2.1991729736328125,
            2.1669864654541016,
            2.0029544830322266,
            2.5479793548583984,
            1.9969940185546875,
            2.5718212127685547,
            2.5229454040527344,
            2.3267269134521484,
            1.9500255584716797,
            2.2339820861816406,
            2.03704833984375,
            3.871917724609375,
            2.5758743286132812,
            3.2930374145507812,
            2.5849342346191406,
            2.891063690185547,
            2.1131038665771484,
            2.1719932556152344,
            1.9729137420654297,
            2.009153366088867,
            1.9719600677490234,
            2.294778823852539,
            2.2149085998535156,
            2.1347999572753906,
            1.9371509552001953,
            2.0780563354492188,
            2.248048782348633,
            2.1250247955322266,
            1.9550323486328125,
            2.0449161529541016,
            1.8908977508544922,
            1.9037723541259766,
            2.006053924560547
        ],
        "overflow_bloom_filter_per_batch_time_list": [
            0.08416175842285156,
            0.03600120544433594,
            0.03504753112792969,
            0.028848648071289062,
            0.04601478576660156,
            0.031948089599609375,
            0.03886222839355469,
            0.04029273986816406,
            0.03981590270996094,
            0.03814697265625,
            0.029802322387695312,
            0.024080276489257812,
            0.0247955322265625,
            0.028848648071289062,
            0.028848648071289062,
            0.027894973754882812,
            0.02288818359375,
            0.025987625122070312,
            0.028848648071289062,
            0.027179718017578125,
            0.027179718017578125,
            0.03790855407714844,
            0.031948089599609375,
            0.028133392333984375,
            0.0247955322265625,
            0.032901763916015625,
            0.0400543212890625,
            0.024080276489257812,
            0.0209808349609375,
            0.026941299438476562,
            0.024080276489257812,
            0.030994415283203125,
            0.028133392333984375,
            0.026941299438476562,
            0.031948089599609375,
            0.025033950805664062,
            0.09298324584960938,
            0.046253204345703125,
            0.027179718017578125,
            0.026226043701171875,
            0.026941299438476562,
            0.0247955322265625,
            0.05698204040527344,
            0.032901763916015625,
            0.04506111145019531,
            0.041961669921875,
            0.041961669921875,
            0.029325485229492188,
            0.025033950805664062,
            0.026226043701171875,
            0.019788742065429688,
            0.023126602172851562,
            0.026702880859375,
            0.025987625122070312,
            0.027894973754882812,
            0.024080276489257812,
            0.02574920654296875,
            0.025987625122070312,
            0.027894973754882812,
            0.026226043701171875,
            0.025987625122070312,
            0.021219253540039062,
            0.029087066650390625,
            0.02384185791015625
        ],