{
    "model_positives": 47,
    "bloom_positives": 146,
    "total_positives": 193,
    "num_successful_urls": 1024,
    "failed_urls": [],
    "timing": {
        "total_preprocessing_time": 1.7497539520263672,
        "preprocessing_time_per_url": 0.0017087440937757492,
        "warmup_batch_time": 1.413106918334961,
        "moving_tensor_to_device_per_batch_time_list": [
            0.16379356384277344,
            0.06508827209472656,
            0.05793571472167969,
            0.049114227294921875,
            0.04506111145019531,
            0.051021575927734375,
            0.047206878662109375,
            0.04792213439941406,
            0.046253204345703125,
            0.04482269287109375,
            0.04696846008300781,
            0.049114227294921875,
            0.04887580871582031,
            0.04601478576660156,
            0.04601478576660156,
            0.06699562072753906,
            0.05030632019042969,
            0.05698204040527344,
            0.04696846008300781,
            0.04696846008300781,
            0.046253204345703125,
            0.04673004150390625,
            0.04601478576660156,
            0.04696846008300781,
            0.048160552978515625,
            0.0457763671875,
            0.04601478576660156,
            0.0457763671875,
            0.0457763671875,
            0.0438690185546875,
            0.04506111145019531,
            0.04506111145019531,
            0.07295608520507812,
            0.051975250244140625,
            0.04601478576660156,
            0.047206878662109375,
            0.04696846008300781,
            0.04792213439941406,
            0.04792213439941406,
            0.0457763671875,
            0.04482269287109375,
            0.04506111145019531,
            0.04696846008300781,
            0.04601478576660156,
            0.04696846008300781,
            0.04506111145019531,
            0.04696846008300781,
            0.04506111145019531,
            0.04506111145019531,
            0.04506111145019531,
            0.06818771362304688,
            0.04506111145019531,
            0.04601478576660156,
            0.049114227294921875,
            0.0457763671875,
            0.04506111145019531,
            0.0438690185546875,
            0.04696846008300781,
            0.04410743713378906,
            0.04410743713378906,
            0.04482269287109375,
            0.0438690185546875,
            0.04696846008300781,
            0.0438690185546875
        ],
        "inference_per_batch_time_list": [
            1.4920234680175781,
            1.2202262878417969,
            0.6539821624755859,
            0.5807876586914062,
            0.720977783203125,
            0.7297992706298828,
            0.5717277526855469,
            0.5748271942138672,
            0.5617141723632812,
            0.5710124969482422,
            0.6661415100097656,
            0.6337165832519531,
            0.6079673767089844,
            0.6000995635986328,
            0.7429122924804688,
            0.7331371307373047,
            1.0907649993896484,
            0.6568431854248047,
            0.6129741668701172,
            0.7090568542480469,
            0.5970001220703125,
            0.6110668182373047,
            0.6060600280761719,
            0.5941390991210938,
            0.5917549133300781,
            0.6000995635986328,
            0.5960464477539062,
            0.6072521209716797,
            0.5970001220703125,
            0.5970001220703125,
            0.5886554718017578,
            1.049041748046875,
            0.6749629974365234,
            0.5900859832763672,
            0.5810260772705078,
            0.5688667297363281,
            0.5660057067871094,
            0.6692409515380859,
            0.6160736083984375,
            0.5953311920166016,
            0.5900859832763672,
            0.6897449493408203,
            0.5741119384765625,
            0.5650520324707031,
            0.5619525909423828,
            0.5571842193603516,
            0.5521774291992188,
            0.5409717559814453,
            0.553131103515625,
            0.5509853363037109,
            0.6198883056640625,
            0.5598068237304688,
            0.6639957427978516,
            0.6148815155029297,
            0.5700588226318359,
            0.5619525909423828,
            0.5660057067871094,
            0.5679130554199219,
            0.5457401275634766,
            0.5710124969482422,
            0.5660057067871094,
            0.55694580078125,
            0.5490779876708984,
            0.5502700805664062
        ],
        "overflow_bloom_filter_per_batch_time_list": [
            0.11181831359863281,
            0.080108642578125,
            0.03719329833984375,
            0.030040740966796875,
            0.03933906555175781,
            0.031948089599609375,
            0.035762786865234375,
            0.027894973754882812,
            0.028133392333984375,
            0.030994415283203125,
            0.03719329833984375,
            0.030755996704101562,
            0.031948089599609375,
            0.028848648071289062,
            0.03790855407714844,
            0.03409385681152344,
            0.0782012939453125,
            0.031948089599609375,
            0.030994415283203125,
            0.03409385681152344,
            0.031948089599609375,
            0.03170967102050781,
            0.031948089599609375,
            0.033855438232421875,
            0.031948089599609375,
            0.028371810913085938,
            0.031948089599609375,
            0.030994415283203125,
            0.031948089599609375,
            0.030040740966796875,
            0.026941299438476562,
            0.046253204345703125,
            0.03814697265625,
            0.030994415283203125,
            0.028848648071289062,
            0.031948089599609375,
            0.028848648071289062,
            0.03528594970703125,
            0.030040740966796875,
            0.027894973754882812,
            0.027894973754882812,
            0.03695487976074219,
            0.028133392333984375,
            0.04410743713378906,
            0.031948089599609375,
            0.031948089599609375,
            0.029087066650390625,
            0.028848648071289062,
            0.028848648071289062,
            0.026941299438476562,
            0.031948089599609375,
            0.030279159545898438,
            0.03719329833984375,
            0.031948089599609375,
            0.030994415283203125,
            0.029802322387695312,
            0.027179718017578125,
            0.027894973754882812,
            0.025272369384765625,
            0.029802322387695312,
            0.026702880859375,
            0.030994415283203125,
            0.029325485229492188,
            0.028133392333984375
        ],