{
    "model_positives": 67,
    "bloom_positives": 130,
    "total_positives": 197,
    "num_successful_urls": 1024,
    "failed_urls": [],
    "timing": {
        "total_preprocessing_time": 2.7472972869873047,
        "preprocessing_time_per_url": 0.0026829075068235397,
        "warmup_batch_time": 13.921737670898438,
        "moving_tensor_to_device_per_batch_time_list": [
            0.24175643920898438,
            0.17786026000976562,
            0.2110004425048828,
            0.18310546875,
            0.1728534698486328,
            0.20003318786621094,
            0.17786026000976562,
            0.16808509826660156,
            0.164031982421875,
            0.16999244689941406,
            0.164031982421875,
            0.1659393310546875,
            0.16617774963378906,
            0.18095970153808594,
            0.1862049102783203,
            0.27108192443847656
        ],
        "inference_per_batch_time_list": [
            3.839254379272461,
            1.0471343994140625,
            1.2600421905517578,
            1.0197162628173828,
            0.7472038269042969,
            1.3170242309570312,
            0.843048095703125,
            0.6949901580810547,
            0.6856918334960938,
            0.6561279296875,
            0.6730556488037109,
            0.6721019744873047,
            0.9319782257080078,
            2.206087112426758,
            0.9720325469970703,
            0.7789134979248047
        ],
        "overflow_bloom_filter_per_batch_time_list": [
            0.3647804260253906,
            0.12183189392089844,
            0.12993812561035156,
            0.12302398681640625,
            0.10895729064941406,
            0.11801719665527344,
            0.11706352233886719,
            0.1049041748046875,
            0.1049041748046875,
            0.10704994201660156,
            0.1068115234375,
            0.1087188720703125,
            0.11205673217773438,
            0.16689300537109375,
            0.11706352233886719,
            0.11205673217773438
        ],
        "batch_total_latency_per_batch_time_list": [
            4.562854766845703,
            1.3699531555175781,
            1.6372203826904297,
            1.3570785522460938,
            1.0368824005126953,
            1.6598701477050781,
            1.1489391326904297,
            0.9748935699462891,
            0.9620189666748047,
            0.9379386901855469,
            0.949859619140625,
            0.9517669677734375,
            1.251220703125,
            2.599954605102539,
            1.3020038604736328,
            1.177072525024414
        ]
    },
    "size_metrics": {
        "model_size_bytes": 4604,
        "overflow_bloom_filter_size_bytes": 19106,
        "traditional_bloom_filter_size_bytes": 22462.584307360594
    },
    "traditional_bloom": {
        "traditional_bloom_positives": 192,
        "timing": {
            "total_time": 2.405881881713867,
            "time_per_url": 0.0023494940251111984,
            "urls_per_second": 425623.55524725
        }
    },
    "batch_size": 64,
    "sample_size": 1024
}