{
    "model_positives": 49,
    "bloom_positives": 144,
    "total_positives": 193,
    "num_successful_urls": 1024,
    "failed_urls": [],
    "timing": {
        "total_preprocessing_time": 1.8990039825439453,
        "preprocessing_time_per_url": 0.0018544960767030716,
        "warmup_batch_time": 0.9319782257080078,
        "moving_tensor_to_device_per_batch_time_list": [
            0.16307830810546875,
            0.10275840759277344,
            0.09393692016601562,
            0.09608268737792969,
            0.09703636169433594,
            0.08702278137207031,
            0.08487701416015625,
            0.08893013000488281,
            0.08606910705566406,
            0.18906593322753906,
            0.1220703125,
            0.09107589721679688,
            0.08606910705566406,
            0.09822845458984375,
            0.09083747863769531,
            0.10633468627929688,
            0.08606910705566406,
            0.08606910705566406,
            0.09083747863769531,
            0.13780593872070312,
            0.11992454528808594,
            0.09226799011230469,
            0.08606910705566406,
            0.08392333984375,
            0.08487701416015625,
            0.08606910705566406,
            0.09226799011230469,
            0.1010894775390625,
            0.07987022399902344,
            0.07987022399902344,
            0.08177757263183594,
            0.08177757263183594
        ],
        "inference_per_batch_time_list": [
            1.5289783477783203,
            0.8399486541748047,
            1.0609626770019531,
            1.516103744506836,
            0.6968975067138672,
            0.6728172302246094,
            0.6341934204101562,
            0.6330013275146484,
            0.6351470947265625,
            0.8597373962402344,
            0.9179115295410156,
            0.6558895111083984,
            1.094818115234375,
            0.7159709930419922,
            1.332998275756836,
            0.9059906005859375,
            0.6382465362548828,
            0.7166862487792969,
            0.74005126953125,
            0.9222030639648438,
            0.9350776672363281,
            0.6458759307861328,
            0.6248950958251953,
            0.6198883056640625,
            0.6189346313476562,
            0.8728504180908203,
            0.6887912750244141,
            0.6096363067626953,
            0.5841255187988281,
            0.6000995635986328,
            0.6101131439208984,
            0.6031990051269531
        ],
        "overflow_bloom_filter_per_batch_time_list": [
            0.10609626770019531,
            0.09918212890625,
            0.06985664367675781,
            0.15091896057128906,
            0.05817413330078125,
            0.05793571472167969,
            0.05817413330078125,
            0.05507469177246094,
            0.05888938903808594,
            0.06699562072753906,
            0.06413459777832031,
            0.05984306335449219,
            0.09918212890625,
            0.07700920104980469,
            0.1881122589111328,
            0.06508827209472656,
            0.05984306335449219,
            0.0591278076171875,
            0.06198883056640625,
            0.06604194641113281,
            0.06318092346191406,
            0.05459785461425781,
            0.05412101745605469,
            0.05602836608886719,
            0.051975250244140625,
            0.07200241088867188,
            0.05817413330078125,
            0.051975250244140625,
            0.051975250244140625,
            0.05698204040527344,
            0.05412101745605469,
            0.05507469177246094
        ],
        "batch_total_latency_per_batch_time_list": [
            1.8939971923828125,
            1.0590553283691406,
            1.2507438659667969,
            1.7952919006347656,
            0.865936279296875,
            0.8289813995361328,
            0.7860660552978516,
            0.78582763671875,
            0.7891654968261719,
            1.138925552368164,
            1.1210441589355469,
            0.8151531219482422,
            1.3530254364013672,
            0.9090900421142578,
            1.7178058624267578,
            1.1031627655029297,
            0.7929801940917969,
            0.8769035339355469,
            0.9107589721679688,
            1.1529922485351562,
            1.1320114135742188,
            0.7998943328857422,
            0.7710456848144531,
            0.7648468017578125,
            0.7610321044921875,
            1.0499954223632812,
            0.8492469787597656,
            0.7688999176025391,
            0.720977783203125,
            0.7419586181640625,
            0.7510185241699219,
            0.743865966796875
        ]
    },
    "size_metrics": {
        "model_size_bytes": 4604,
        "overflow_bloom_filter_size_bytes": 19106,
        "traditional_bloom_filter_size_bytes": 22462.584307360594
    },
    "traditional_bloom": {
        "traditional_bloom_positives": 194,
        "timing": {
            "total_time": 2.0117759704589844,
            "time_per_url": 0.001964624971151352,
            "urls_per_second": 509002.99786679307
        }
    },
    "batch_size": 32,
    "sample_size": 1024
}