{
    "model_positives": 55,
    "bloom_positives": 136,
    "total_positives": 191,
    "num_successful_urls": 1024,
    "failed_urls": [],
    "timing": {
        "total_preprocessing_time": 1.8482208251953125,
        "preprocessing_time_per_url": 0.0018049031496047974,
        "warmup_batch_time": 1.6210079193115234,
        "moving_tensor_to_device_per_batch_time_list": [
            0.3998279571533203,
            0.39505958557128906,
            0.49614906311035156,
            0.4627704620361328,
            0.36787986755371094,
            0.3421306610107422,
            0.33783912658691406,
            0.40435791015625
        ],
        "inference_per_batch_time_list": [
            2.7010440826416016,
            1.7490386962890625,
            4.970073699951172,
            1.5990734100341797,
            1.4162063598632812,
            1.2149810791015625,
            1.3382434844970703,
            1.2469291687011719
        ],
        "overflow_bloom_filter_per_batch_time_list": [
            0.49614906311035156,
            0.24700164794921875,
            0.2319812774658203,
            0.5230903625488281,
            0.22792816162109375,
            0.2338886260986328,
            0.6189346313476562,
            0.22602081298828125
        ],
        "batch_total_latency_per_batch_time_list": [
            3.7119388580322266,
            2.444028854370117,
            5.740165710449219,
            2.6297569274902344,
            2.0492076873779297,
            1.8229484558105469,
            2.3369789123535156,
            1.9121170043945312
        ]
    },
    "size_metrics": {
        "model_size_bytes": 4604,
        "overflow_bloom_filter_size_bytes": 19106,
        "traditional_bloom_filter_size_bytes": 22462.584307360594
    },
    "traditional_bloom": {
        "traditional_bloom_positives": 191,
        "timing": {
            "total_time": 2.070903778076172,
            "time_per_url": 0.0020223669707775116,
            "urls_per_second": 494470.10085194564
        }
    },
    "batch_size": 128,
    "sample_size": 1024
}