{
    "model_positives": 172,
    "bloom_positives": 33,
    "total_positives": 205,
    "num_successful_urls": 1024,
    "failed_urls": [],
    "timing": {
        "total_preprocessing_time": 1.8279552459716797,
        "preprocessing_time_per_url": 0.0017851125448942184,
        "warmup_batch_time": 64.41521644592285,
        "moving_tensor_to_device_per_batch_time_list": [
            1.0271072387695312,
            0.30517578125,
            0.3020763397216797,
            0.2923011779785156,
            0.32401084899902344,
            0.5130767822265625,
            0.34308433532714844,
            0.2923011779785156,
            0.2989768981933594,
            0.3261566162109375,
            0.3120899200439453,
            0.2970695495605469,
            0.29206275939941406,
            0.2689361572265625,
            0.2989768981933594,
            0.2968311309814453,
            0.2827644348144531,
            0.3190040588378906,
            0.3077983856201172,
            0.3070831298828125,
            0.28777122497558594,
            0.3199577331542969,
            0.3299713134765625,
            0.30994415283203125,
            0.2942085266113281,
            0.31280517578125,
            0.3330707550048828,
            0.3151893615722656,
            0.2989768981933594,
            0.3151893615722656,
            0.3077983856201172,
            0.2779960632324219
        ],
        "inference_per_batch_time_list": [
            58.22324752807617,
            17.712831497192383,
            16.89291000366211,
            17.606735229492188,
            17.273902893066406,
            16.881227493286133,
            16.854047775268555,
            16.82567596435547,
            16.714811325073242,
            16.62278175354004,
            17.518043518066406,
            16.92676544189453,
            16.77417755126953,
            16.561031341552734,
            16.468048095703125,
            16.68095588684082,
            17.170190811157227,
            16.87908172607422,
            16.556978225708008,
            16.97707176208496,
            16.720294952392578,
            16.637086868286133,
            17.498016357421875,
            16.872882843017578,
            17.99488067626953,
            16.787052154541016,
            16.55888557434082,
            16.499996185302734,
            16.876935958862305,
            16.958951950073242,
            16.814231872558594,
            16.76177978515625
        ],
        "overflow_bloom_filter_per_batch_time_list": [
            0.11801719665527344,
            0.07081031799316406,
            0.05602836608886719,
            0.0782012939453125,
            0.0629425048828125,
            0.05602836608886719,
            0.05984306335449219,
            0.09512901306152344,
            0.06103515625,
            0.05507469177246094,
            0.07414817810058594,
            0.05078315734863281,
            0.051975250244140625,
            0.06389617919921875,
            0.052928924560546875,
            0.050067901611328125,
            0.06198883056640625,
            0.05817413330078125,
            0.04887580871582031,
            0.05793571472167969,
            0.057220458984375,
            0.0629425048828125,
            0.06604194641113281,
            0.06389617919921875,
            0.06079673767089844,
            0.0629425048828125,
            0.06699562072753906,
            0.06389617919921875,
            0.06389617919921875,
            0.06508827209472656,
            0.06222724914550781,
            0.06890296936035156
        ],
        "batch_total_latency_per_batch_time_list": [
            59.487104415893555,
            18.12601089477539,
            17.267227172851562,
            18.029212951660156,
            17.694950103759766,
            17.475128173828125,
            17.280101776123047,
            17.234086990356445,
            17.097949981689453,
            17.01807975769043,
            17.951011657714844,
            17.29273796081543,
            17.133235931396484,
            16.91412925720215,
            16.835689544677734,
            17.048120498657227,
            17.552852630615234,
            17.28510856628418,
            16.94488525390625,
            17.36617088317871,
            17.081022262573242,
            17.0440673828125,
            17.94290542602539,
            17.282962799072266,
            18.383026123046875,
            17.19188690185547,
            16.99209213256836,
            16.903162002563477,
            17.26675033569336,
            17.374038696289062,
            17.20595359802246,
            17.17090606689453
        ]
    },
    "size_metrics": {
        "model_size_bytes": 108164,
        "overflow_bloom_filter_size_bytes": 3438,
        "traditional_bloom_filter_size_bytes": 22462.584307360594
    },
    "traditional_bloom": {
        "traditional_bloom_positives": 204,
        "timing": {
            "total_time": 1.912832260131836,
            "time_per_url": 0.001868000254034996,
            "urls_per_second": 535331.832980182
        }
    },
    "batch_size": 32,
    "sample_size": 1024
}