{
    "model_positives": 148,
    "bloom_positives": 31,
    "total_positives": 179,
    "num_successful_urls": 1024,
    "failed_urls": [],
    "timing": {
        "total_preprocessing_time": 1.6710758209228516,
        "preprocessing_time_per_url": 0.0016319099813699722,
        "warmup_batch_time": 66.1318302154541,
        "moving_tensor_to_device_per_batch_time_list": [
            1.0161399841308594,
            0.4570484161376953,
            0.42819976806640625,
            0.3566741943359375,
            0.4298686981201172,
            0.3821849822998047,
            0.49567222595214844,
            0.3941059112548828,
            0.36716461181640625,
            0.3428459167480469,
            0.44918060302734375,
            0.43582916259765625,
            0.3662109375,
            0.3402233123779297,
            0.3941059112548828,
            0.34880638122558594
        ],
        "inference_per_batch_time_list": [
            55.61494827270508,
            17.082929611206055,
            16.855955123901367,
            17.093181610107422,
            18.508195877075195,
            17.514944076538086,
            16.95704460144043,
            16.793012619018555,
            16.471147537231445,
            16.728878021240234,
            17.615795135498047,
            16.651153564453125,
            16.61992073059082,
            16.344785690307617,
            16.579151153564453,
            16.666173934936523
        ],
        "overflow_bloom_filter_per_batch_time_list": [
            0.1499652862548828,
            0.10585784912109375,
            0.10609626770019531,
            0.11897087097167969,
            0.1049041748046875,
            0.11324882507324219,
            0.11181831359863281,
            0.10609626770019531,
            0.10085105895996094,
            0.09584426879882812,
            0.11181831359863281,
            0.09584426879882812,
            0.09298324584960938,
            0.09703636169433594,
            0.09608268737792969,
            0.09608268737792969
        ],
        "batch_total_latency_per_batch_time_list": [
            56.876182556152344,
            17.683982849121094,
            17.408132553100586,
            17.604827880859375,
            19.079923629760742,
            18.047094345092773,
            17.60387420654297,
            17.321109771728516,
            16.955852508544922,
            17.184972763061523,
            18.213987350463867,
            17.203807830810547,
            17.101049423217773,
            16.803979873657227,
            17.09604263305664,
            17.136096954345703
        ]
    },
    "size_metrics": {
        "model_size_bytes": 108164,
        "overflow_bloom_filter_size_bytes": 3438,
        "traditional_bloom_filter_size_bytes": 22462.584307360594
    },
    "traditional_bloom": {
        "traditional_bloom_positives": 173,
        "timing": {
            "total_time": 1.8100738525390625,
            "time_per_url": 0.0017676502466201782,
            "urls_per_second": 565722.7734457323
        }
    },
    "batch_size": 64,
    "sample_size": 1024
}