{
    "model_positives": 165,
    "bloom_positives": 23,
    "total_positives": 188,
    "num_successful_urls": 1024,
    "failed_urls": [],
    "timing": {
        "total_preprocessing_time": 1.6982555389404297,
        "preprocessing_time_per_url": 0.0016584526747465134,
        "warmup_batch_time": 64.08286094665527,
        "moving_tensor_to_device_per_batch_time_list": [
            1.0890960693359375,
            0.27632713317871094,
            0.24008750915527344,
            0.23102760314941406,
            0.2391338348388672,
            0.24318695068359375,
            0.27489662170410156,
            0.2751350402832031,
            0.2639293670654297,
            0.2779960632324219,
            0.2560615539550781,
            0.2720355987548828,
            0.25916099548339844,
            0.5710124969482422,
            0.2918243408203125,
            0.2701282501220703,
            0.2627372741699219,
            0.2808570861816406,
            0.26297569274902344,
            0.2448558807373047,
            0.2732276916503906,
            0.22912025451660156,
            0.24390220642089844,
            0.2570152282714844,
            0.28014183044433594,
            0.2529621124267578,
            0.3409385681152344,
            0.25010108947753906,
            0.2620220184326172,
            0.2589225769042969,
            0.2410411834716797,
            0.25010108947753906,
            0.29277801513671875,
            0.2770423889160156,
            0.2701282501220703,
            0.2949237823486328,
            0.2911090850830078,
            0.2498626708984375,
            0.24890899658203125,
            0.22912025451660156,
            0.29397010803222656,
            0.26917457580566406,
            0.3230571746826172,
            0.28014183044433594,
            0.2541542053222656,
            0.2663135528564453,
            0.2899169921875,
            0.23889541625976562,
            0.26488304138183594,
            0.2620220184326172,
            0.25391578674316406,
            0.240325927734375,
            0.27370452880859375,
            0.2789497375488281,
            0.23412704467773438,
            0.2570152282714844,
            0.2627372741699219,
            0.26607513427734375,
            0.26798248291015625,
            0.2760887145996094,
            0.3161430358886719,
            0.25916099548339844,
            0.2639293670654297,
            0.24700164794921875
        ],
        "inference_per_batch_time_list": [
            54.53300476074219,
            17.680883407592773,
            17.189979553222656,
            17.637014389038086,
            17.80080795288086,
            17.100811004638672,
            17.139196395874023,
            16.677141189575195,
            16.840219497680664,
            17.1048641204834,
            17.25316047668457,
            17.63010025024414,
            17.870187759399414,
            16.999006271362305,
            17.032861709594727,
            17.3947811126709,
            16.613245010375977,
            17.223119735717773,
            17.00901985168457,
            16.84093475341797,
            17.013072967529297,
            16.87312126159668,
            17.627954483032227,
            18.178939819335938,
            17.125844955444336,
            17.33994483947754,
            17.08388328552246,
            17.17400550842285,
            17.27008819580078,
            17.27604866027832,
            18.285036087036133,
            17.566919326782227,
            16.877174377441406,
            17.56906509399414,
            17.136812210083008,
            17.5628662109375,
            17.18282699584961,
            16.958236694335938,
            16.7849063873291,
            16.618013381958008,
            17.268896102905273,
            17.322063446044922,
            16.809940338134766,
            17.024993896484375,
            17.11273193359375,
            17.03500747680664,
            17.460107803344727,
            17.40574836730957,
            17.087936401367188,
            17.08698272705078,
            16.955137252807617,
            17.073869705200195,
            17.644166946411133,
            16.984939575195312,
            17.264127731323242,
            17.4410343170166,
            16.642093658447266,
            17.19975471496582,
            17.20714569091797,
            17.258882522583008,
            17.199039459228516,
            17.256975173950195,
            17.024993896484375,
            17.12203025817871
        ],
        "overflow_bloom_filter_per_batch_time_list": [
            0.08893013000488281,
            0.04482269287109375,
            0.0400543212890625,
            0.041961669921875,
            0.03790855407714844,
            0.04100799560546875,
            0.030994415283203125,
            0.032901763916015625,
            0.031948089599609375,
            0.031948089599609375,
            0.04506111145019531,
            0.0438690185546875,
            0.04673004150390625,
            0.030994415283203125,
            0.030040740966796875,
            0.031948089599609375,
            0.0362396240234375,
            0.04410743713378906,
            0.030994415283203125,
            0.031948089599609375,
            0.047206878662109375,
            0.028848648071289062,
            0.041961669921875,
            0.04076957702636719,
            0.03600120544433594,
            0.04410743713378906,
            0.03600120544433594,
            0.030994415283203125,
            0.0400543212890625,
            0.04291534423828125,
            0.04029273986816406,
            0.04100799560546875,
            0.03695487976074219,
            0.03600120544433594,
            0.03600120544433594,
            0.0362396240234375,
            0.03409385681152344,
            0.03504753112792969,
            0.031948089599609375,
            0.027894973754882812,
            0.03600120544433594,
            0.054836273193359375,
            0.0400543212890625,
            0.031232833862304688,
            0.03886222839355469,
            0.03409385681152344,
            0.04076957702636719,
            0.049114227294921875,
            0.03409385681152344,
            0.03218650817871094,
            0.030040740966796875,
            0.03719329833984375,
            0.03981590270996094,
            0.04792213439941406,
            0.04315376281738281,
            0.04029273986816406,
            0.03409385681152344,
            0.03886222839355469,
            0.032901763916015625,
            0.03600120544433594,
            0.03814697265625,
            0.0400543212890625,
            0.029087066650390625,
            0.04029273986816406
        ],