{
    "model_positives": 48,
    "bloom_positives": 124,
    "total_positives": 172,
    "num_successful_urls": 1024,
    "failed_urls": [],
    "timing": {
        "total_preprocessing_time": 1.9421577453613281,
        "preprocessing_time_per_url": 0.001896638423204422,
        "warmup_batch_time": 159.92212295532227,
        "moving_tensor_to_device_per_batch_time_list": [
            1.4159679412841797,
            0.34880638122558594,
            0.28705596923828125,
            0.3509521484375,
            0.29277801513671875,
            0.2999305725097656,
            0.2779960632324219,
            0.3418922424316406,
            0.308990478515625,
            0.28896331787109375,
            0.3027915954589844,
            0.28204917907714844,
            0.28324127197265625,
            0.2770423889160156,
            0.2779960632324219,
            0.2853870391845703,
            0.2770423889160156,
            0.3070831298828125,
            0.30994415283203125,
            0.2911090850830078,
            0.29587745666503906,
            0.33211708068847656,
            0.3209114074707031,
            0.3108978271484375,
            0.2961158752441406,
            0.2989768981933594,
            0.2970695495605469,
            0.2601146697998047,
            0.30684471130371094,
            0.32210350036621094,
            0.28395652770996094,
            0.2951622009277344
        ],
        "inference_per_batch_time_list": [
            65.80090522766113,
            18.17011833190918,
            17.053842544555664,
            17.65894889831543,
            16.549110412597656,
            16.468048095703125,
            16.4639949798584,
            16.335248947143555,
            16.162872314453125,
            16.77680015563965,
            16.761064529418945,
            16.514062881469727,
            16.279935836791992,
            16.433000564575195,
            16.004085540771484,
            16.834735870361328,
            16.782045364379883,
            16.595125198364258,
            16.6170597076416,
            16.391754150390625,
            16.323089599609375,
            16.522884368896484,
            17.51112937927246,
            16.39723777770996,
            16.544818878173828,
            16.360998153686523,
            16.511917114257812,
            16.767024993896484,
            16.463756561279297,
            16.53289794921875,
            16.328096389770508,
            16.6018009185791
        ],
        "overflow_bloom_filter_per_batch_time_list": [
            0.17189979553222656,
            0.08106231689453125,
            0.08034706115722656,
            0.08106231689453125,
            0.06914138793945312,
            0.0591278076171875,
            0.07009506225585938,
            0.06604194641113281,
            0.05888938903808594,
            0.07104873657226562,
            0.07295608520507812,
            0.05817413330078125,
            0.06198883056640625,
            0.06103515625,
            0.05793571472167969,
            0.0858306884765625,
            0.07414817810058594,
            0.1010894775390625,
            0.07605552673339844,
            0.06198883056640625,
            0.06508827209472656,
            0.07104873657226562,
            0.07295608520507812,
            0.06508827209472656,
            0.06914138793945312,
            0.06389617919921875,
            0.07343292236328125,
            0.07414817810058594,
            0.07605552673339844,
            0.06389617919921875,
            0.06318092346191406,
            0.07104873657226562
        ],
        "batch_total_latency_per_batch_time_list": [
            67.51012802124023,
            18.64790916442871,
            17.463207244873047,
            18.131017684936523,
            16.93868637084961,
            16.8459415435791,
            16.842126846313477,
            16.767024993896484,
            16.546964645385742,
            17.17400550842285,
            17.169952392578125,
            16.87312126159668,
            16.6471004486084,
            16.790151596069336,
            16.35289192199707,
            17.246007919311523,
            17.16923713684082,
            17.03023910522461,
            17.032861709594727,
            16.768932342529297,
            16.70694351196289,
            16.989946365356445,
            17.93980598449707,
            16.796112060546875,
            16.94011688232422,
            16.751766204833984,
            16.915082931518555,
            17.136335372924805,
            16.884803771972656,
            16.94512367248535,
            16.704082489013672,
            16.993045806884766
        ]
    },
    "size_metrics": {
        "model_size_bytes": 4604,
        "overflow_bloom_filter_size_bytes": 19106,
        "traditional_bloom_filter_size_bytes": 22462.584307360594
    },
    "traditional_bloom": {
        "traditional_bloom_positives": 170,
        "timing": {
            "total_time": 1.7838478088378906,
            "time_per_url": 0.0017420388758182526,
            "urls_per_second": 574040.0021384656
        }
    },
    "batch_size": 32,
    "sample_size": 1024
}