{
    "model_positives": 50,
    "bloom_positives": 144,
    "total_positives": 194,
    "num_successful_urls": 1024,
    "failed_urls": [],
    "timing": {
        "total_preprocessing_time": 1.6789436340332031,
        "preprocessing_time_per_url": 0.00163959339261055,
        "warmup_batch_time": 154.56581115722656,
        "moving_tensor_to_device_per_batch_time_list": [
            0.9379386901855469,
            0.28705596923828125,
            0.20813941955566406,
            0.26106834411621094,
            0.3020763397216797,
            0.2579689025878906,
            0.2548694610595703,
            0.25773048400878906,
            0.2849102020263672,
            0.2129077911376953,
            0.2548694610595703,
            0.25272369384765625,
            0.2930164337158203,
            0.24199485778808594,
            0.2579689025878906,
            0.23293495178222656,
            0.25010108947753906,
            0.2932548522949219,
            0.2789497375488281,
            0.2760887145996094,
            0.26917457580566406,
            0.2758502960205078,
            0.2808570861816406,
            0.2810955047607422,
            0.3020763397216797,
            0.2689361572265625,
            0.2727508544921875,
            0.29397010803222656,
            0.30493736267089844,
            0.2779960632324219,
            0.24890899658203125,
            0.2760887145996094,
            0.25391578674316406,
            0.2598762512207031,
            0.2429485321044922,
            0.26702880859375,
            0.30803680419921875,
            0.2307891845703125,
            0.247955322265625,
            0.25200843811035156,
            0.2541542053222656,
            0.2682209014892578,
            0.3771781921386719,
            0.2410411834716797,
            0.263214111328125,
            0.24890899658203125,
            0.23603439331054688,
            0.2541542053222656,
            0.2772808074951172,
            0.2770423889160156,
            0.2608299255371094,
            0.25916099548339844,
            0.2741813659667969,
            0.2448558807373047,
            0.24509429931640625,
            0.2849102020263672,
            0.28896331787109375,
            0.35691261291503906,
            0.42891502380371094,
            0.21386146545410156,
            0.26917457580566406,
            0.25391578674316406,
            0.26988983154296875,
            0.26869773864746094
        ],
        "inference_per_batch_time_list": [
            60.28175354003906,
            17.134904861450195,
            16.452789306640625,
            16.63994789123535,
            17.5631046295166,
            16.6168212890625,
            16.58797264099121,
            17.461061477661133,
            19.17886734008789,
            16.754865646362305,
            18.266916275024414,
            16.91293716430664,
            16.67475700378418,
            16.625165939331055,
            16.48116111755371,
            16.759157180786133,
            17.69876480102539,
            18.61882209777832,
            17.835140228271484,
            18.291950225830078,
            17.917871475219727,
            17.084121704101562,
            18.482208251953125,
            18.124818801879883,
            18.743038177490234,
            17.026901245117188,
            17.46511459350586,
            17.021894454956055,
            18.39613914489746,
            18.15199851989746,
            17.1811580657959,
            17.913103103637695,
            17.87400245666504,
            16.53599739074707,
            16.7081356048584,
            16.661882400512695,
            17.96102523803711,
            18.934011459350586,
            17.379045486450195,
            17.104148864746094,
            18.529891967773438,
            18.33796501159668,
            17.192840576171875,
            17.014026641845703,
            16.917705535888672,
            16.66998863220215,
            17.69709587097168,
            18.166780471801758,
            16.72196388244629,
            16.928911209106445,
            16.483068466186523,
            17.007112503051758,
            18.434762954711914,
            19.962072372436523,
            19.722938537597656,
            18.73183250427246,
            17.396926879882812,
            18.35918426513672,
            18.10002326965332,
            17.930030822753906,
            17.75503158569336,
            17.184019088745117,
            16.604185104370117,
            16.80612564086914
        ],
        "overflow_bloom_filter_per_batch_time_list": [
            0.2529621124267578,
            0.048160552978515625,
            0.04601478576660156,
            0.03504753112792969,
            0.048160552978515625,
            0.03695487976074219,
            0.0438690185546875,
            0.04601478576660156,
            0.051021575927734375,
            0.04410743713378906,
            0.05078315734863281,
            0.048160552978515625,
            0.03886222839355469,
            0.04029273986816406,
            0.031232833862304688,
            0.04100799560546875,
            0.051975250244140625,
            0.04887580871582031,
            0.04029273986816406,
            0.05078315734863281,
            0.0438690185546875,
            0.04410743713378906,
            0.051975250244140625,
            0.04696846008300781,
            0.0591278076171875,
            0.041961669921875,
            0.03910064697265625,
            0.041961669921875,
            0.0400543212890625,
            0.041961669921875,
            0.04410743713378906,
            0.041961669921875,
            0.04792213439941406,
            0.03886222839355469,
            0.05078315734863281,
            0.04506111145019531,
            0.051021575927734375,
            0.04792213439941406,
            0.04887580871582031,
            0.04696846008300781,
            0.04696846008300781,
            0.07581710815429688,
            0.04315376281738281,
            0.04506111145019531,
            0.04076957702636719,
            0.0400543212890625,
            0.05412101745605469,
            0.04887580871582031,
            0.03409385681152344,
            0.04220008850097656,
            0.03790855407714844,
            0.047206878662109375,
            0.05078315734863281,
            0.051021575927734375,
            0.050067901611328125,
            0.04887580871582031,
            0.06771087646484375,
            0.04601478576660156,
            0.05078315734863281,
            0.047206878662109375,
            0.08225440979003906,
            0.04315376281738281,
            0.04100799560546875,
            0.04506111145019531
        ],