{
    "model_positives": 55,
    "bloom_positives": 142,
    "total_positives": 197,
    "num_successful_urls": 1024,
    "failed_urls": [],
    "timing": {
        "total_preprocessing_time": 1.9218921661376953,
        "preprocessing_time_per_url": 0.001876847818493843,
        "warmup_batch_time": 70.66011428833008,
        "moving_tensor_to_device_per_batch_time_list": [
            1.0039806365966797,
            0.3561973571777344,
            0.42319297790527344,
            0.3941059112548828,
            0.3790855407714844,
            0.4169940948486328,
            0.3819465637207031,
            0.39505958557128906,
            0.35691261291503906,
            0.3750324249267578,
            0.370025634765625,
            0.3352165222167969,
            0.39505958557128906,
            0.40793418884277344,
            0.39696693420410156,
            0.3609657287597656
        ],
        "inference_per_batch_time_list": [
            54.388999938964844,
            17.358779907226562,
            16.58773422241211,
            16.572952270507812,
            17.538070678710938,
            18.066883087158203,
            17.74120330810547,
            18.275976181030273,
            16.89600944519043,
            18.43404769897461,
            19.365787506103516,
            17.319917678833008,
            17.43602752685547,
            17.451763153076172,
            17.13085174560547,
            17.286300659179688
        ],
        "overflow_bloom_filter_per_batch_time_list": [
            0.17499923706054688,
            0.1342296600341797,
            0.11229515075683594,
            0.11539459228515625,
            0.12993812561035156,
            0.1380443572998047,
            0.12803077697753906,
            0.141143798828125,
            0.11801719665527344,
            0.12803077697753906,
            0.13589859008789062,
            0.1239776611328125,
            0.12636184692382812,
            0.13637542724609375,
            0.13780593872070312,
            0.13113021850585938
        ],
        "batch_total_latency_per_batch_time_list": [
            55.67574501037598,
            17.882108688354492,
            17.138242721557617,
            17.09437370300293,
            18.088340759277344,
            18.672704696655273,
            18.290042877197266,
            18.886089324951172,
            17.392873764038086,
            18.972158432006836,
            19.90985870361328,
            17.81606674194336,
            18.00394058227539,
            18.038034439086914,
            17.70496368408203,
            17.818212509155273
        ]
    },
    "size_metrics": {
        "model_size_bytes": 4604,
        "overflow_bloom_filter_size_bytes": 19106,
        "traditional_bloom_filter_size_bytes": 22462.584307360594
    },
    "traditional_bloom": {
        "traditional_bloom_positives": 201,
        "timing": {
            "total_time": 1.77001953125,
            "time_per_url": 0.0017285346984863281,
            "urls_per_second": 578524.6896551724
        }
    },
    "batch_size": 64,
    "sample_size": 1024
}