{
    "model_positives": 147,
    "bloom_positives": 35,
    "total_positives": 182,
    "num_successful_urls": 1024,
    "failed_urls": [],
    "timing": {
        "total_preprocessing_time": 1.89208984375,
        "preprocessing_time_per_url": 0.0018477439880371094,
        "warmup_batch_time": 186.3400936126709,
        "moving_tensor_to_device_per_batch_time_list": [
            0.9348392486572266,
            0.23889541625976562,
            0.3418922424316406,
            0.2589225769042969,
            0.23603439331054688,
            0.2410411834716797,
            0.38123130798339844,
            0.2338886260986328,
            0.2357959747314453,
            0.24700164794921875,
            0.33926963806152344,
            0.2639293670654297,
            0.2548694610595703,
            0.23317337036132812,
            0.2448558807373047,
            0.2789497375488281,
            0.26798248291015625,
            0.25582313537597656,
            0.2551078796386719,
            0.28324127197265625,
            0.2639293670654297,
            0.2510547637939453,
            0.27298927307128906,
            0.28896331787109375,
            0.26607513427734375,
            0.2942085266113281,
            0.2770423889160156,
            0.2579689025878906,
            0.2512931823730469,
            0.32210350036621094,
            0.2689361572265625,
            0.23889541625976562,
            0.2827644348144531,
            0.2338886260986328,
            0.23293495178222656,
            0.26607513427734375,
            0.286102294921875,
            0.2579689025878906,
            0.2777576446533203,
            0.2548694610595703,
            0.2701282501220703,
            0.2570152282714844,
            0.26988983154296875,
            0.23889541625976562,
            0.2868175506591797,
            0.286102294921875,
            0.22292137145996094,
            0.2760887145996094,
            0.2818107604980469,
            0.2751350402832031,
            0.26917457580566406,
            0.2930164337158203,
            0.26416778564453125,
            0.2491474151611328,
            0.5118846893310547,
            0.3857612609863281,
            0.453948974609375,
            0.21505355834960938,
            0.27370452880859375,
            0.28324127197265625,
            0.26798248291015625,
            0.2639293670654297,
            0.4189014434814453,
            0.32019615173339844
        ],
        "inference_per_batch_time_list": [
            65.14310836791992,
            136.53898239135742,
            33.0049991607666,
            21.950960159301758,
            20.827054977416992,
            24.561166763305664,
            23.035764694213867,
            18.98813247680664,
            20.96104621887207,
            20.13111114501953,
            18.725872039794922,
            17.37689971923828,
            18.209218978881836,
            17.31085777282715,
            17.232894897460938,
            17.69399642944336,
            16.8609619140625,
            17.65727996826172,
            17.557859420776367,
            16.861915588378906,
            16.665220260620117,
            16.961097717285156,
            16.916275024414062,
            17.00305938720703,
            17.056941986083984,
            16.948938369750977,
            17.125844955444336,
            16.683101654052734,
            16.762733459472656,
            17.154932022094727,
            16.9370174407959,
            16.134977340698242,
            16.849279403686523,
            16.850948333740234,
            17.13705062866211,
            17.840147018432617,
            16.77393913269043,
            16.55411720275879,
            16.222238540649414,
            16.628026962280273,
            16.659975051879883,
            17.493009567260742,
            16.785144805908203,
            16.810894012451172,
            16.845226287841797,
            16.61992073059082,
            17.030000686645508,
            17.24696159362793,
            17.272233963012695,
            17.034053802490234,
            16.86382293701172,
            16.834259033203125,
            17.00115203857422,
            18.588781356811523,
            18.201112747192383,
            17.992258071899414,
            17.609834671020508,
            16.68405532836914,
            17.24529266357422,
            17.979860305786133,
            17.66490936279297,
            16.98589324951172,
            16.984224319458008,
            17.05479621887207
        ],
        "overflow_bloom_filter_per_batch_time_list": [
            0.25010108947753906,
            0.08392333984375,
            0.051975250244140625,
            0.041961669921875,
            0.04506111145019531,
            0.04601478576660156,
            0.04506111145019531,
            0.04673004150390625,
            0.04792213439941406,
            0.06103515625,
            0.054836273193359375,
            0.05602836608886719,
            0.05078315734863281,
            0.041961669921875,
            0.04100799560546875,
            0.04291534423828125,
            0.03600120544433594,
            0.03981590270996094,
            0.041961669921875,
            0.03600120544433594,
            0.03600120544433594,
            0.0438690185546875,
            0.03409385681152344,
            0.03600120544433594,
            0.04291534423828125,
            0.03314018249511719,
            0.036716461181640625,
            0.029087066650390625,
            0.030994415283203125,
            0.04291534423828125,
            0.041961669921875,
            0.030994415283203125,
            0.04076957702636719,
            0.03910064697265625,
            0.041961669921875,
            0.03886222839355469,
            0.031948089599609375,
            0.030279159545898438,
            0.03314018249511719,
            0.030040740966796875,
            0.028848648071289062,
            0.041961669921875,
            0.04100799560546875,
            0.041961669921875,
            0.03981590270996094,
            0.032901763916015625,
            0.03218650817871094,
            0.03814697265625,
            0.041961669921875,
            0.027894973754882812,
            0.030994415283203125,
            0.030994415283203125,
            0.0457763671875,
            0.047206878662109375,
            0.04410743713378906,
            0.04100799560546875,
            0.04410743713378906,
            0.03600120544433594,
            0.03790855407714844,
            0.03981590270996094,
            0.0400543212890625,
            0.03886222839355469,
            0.04887580871582031,
            0.0400543212890625
        ],