{
    "model_positives": 134,
    "bloom_positives": 44,
    "total_positives": 178,
    "num_successful_urls": 1024,
    "failed_urls": [],
    "timing": {
        "total_preprocessing_time": 1.6450881958007812,
        "preprocessing_time_per_url": 0.0016065314412117004,
        "warmup_batch_time": 67.94524192810059,
        "moving_tensor_to_device_per_batch_time_list": [
            0.8141994476318359,
            0.293731689453125,
            0.3521442413330078,
            0.2830028533935547,
            0.32520294189453125,
            0.3132820129394531,
            0.32830238342285156,
            0.3027915954589844,
            0.3180503845214844,
            0.30803680419921875,
            0.32901763916015625,
            0.3409385681152344,
            0.30112266540527344,
            0.29087066650390625,
            0.31304359436035156,
            0.29206275939941406,
            0.3256797790527344,
            0.2841949462890625,
            0.2999305725097656,
            0.30493736267089844,
            0.335693359375,
            0.31375885009765625,
            0.33783912658691406,
            0.26488304138183594,
            0.3349781036376953,
            0.3209114074707031,
            0.30422210693359375,
            0.2980232238769531,
            0.31113624572753906,
            0.2799034118652344,
            0.33783912658691406,
            0.29587745666503906
        ],
        "inference_per_batch_time_list": [
            54.1379451751709,
            17.110109329223633,
            17.1048641204834,
            16.9069766998291,
            17.87090301513672,
            16.867876052856445,
            16.910791397094727,
            17.021894454956055,
            17.01188087463379,
            16.648054122924805,
            17.451047897338867,
            16.735076904296875,
            16.653060913085938,
            17.1051025390625,
            16.84093475341797,
            16.87765121459961,
            17.87710189819336,
            17.176151275634766,
            16.98899269104004,
            17.37499237060547,
            16.546249389648438,
            17.60101318359375,
            18.810033798217773,
            18.307209014892578,
            18.02229881286621,
            17.315149307250977,
            17.062902450561523,
            16.90506935119629,
            16.797780990600586,
            17.307281494140625,
            16.869783401489258,
            16.802072525024414
        ],
        "overflow_bloom_filter_per_batch_time_list": [
            0.14495849609375,
            0.05793571472167969,
            0.054836273193359375,
            0.052928924560546875,
            0.07033348083496094,
            0.06079673767089844,
            0.05698204040527344,
            0.06604194641113281,
            0.06127357482910156,
            0.051975250244140625,
            0.06508827209472656,
            0.07009506225585938,
            0.053882598876953125,
            0.05817413330078125,
            0.0629425048828125,
            0.06413459777832031,
            0.06508827209472656,
            0.07128715515136719,
            0.06198883056640625,
            0.06318092346191406,
            0.0629425048828125,
            0.08726119995117188,
            0.06890296936035156,
            0.07033348083496094,
            0.0591278076171875,
            0.06389617919921875,
            0.0476837158203125,
            0.05793571472167969,
            0.07295608520507812,
            0.05698204040527344,
            0.06031990051269531,
            0.06198883056640625
        ],
        "batch_total_latency_per_batch_time_list": [
            55.19723892211914,
            17.496824264526367,
            17.52781867980957,
            17.26078987121582,
            18.308162689208984,
            17.260074615478516,
            17.315149307250977,
            17.422914505004883,
            17.405986785888672,
            17.02117919921875,
            17.884254455566406,
            17.17209815979004,
            17.021894454956055,
            17.472028732299805,
            17.230987548828125,
            17.24696159362793,
            18.30601692199707,
            17.566204071044922,
            17.379045486450195,
            17.78101921081543,
            16.975879669189453,
            18.045902252197266,
            19.253969192504883,
            18.683195114135742,
            18.453121185302734,
            17.735004425048828,
            17.438888549804688,
            17.28200912475586,
            17.23313331604004,
            17.689943313598633,
            17.288923263549805,
            17.18878746032715
        ]
    },
    "size_metrics": {
        "model_size_bytes": 44868,
        "overflow_bloom_filter_size_bytes": 4430,
        "traditional_bloom_filter_size_bytes": 22462.584307360594
    },
    "traditional_bloom": {
        "traditional_bloom_positives": 179,
        "timing": {
            "total_time": 1.817941665649414,
            "time_per_url": 0.001775333657860756,
            "urls_per_second": 563274.3994754099
        }
    },
    "batch_size": 32,
    "sample_size": 1024
}