{
    "model_positives": 158,
    "bloom_positives": 37,
    "total_positives": 195,
    "num_successful_urls": 1024,
    "failed_urls": [],
    "timing": {
        "total_preprocessing_time": 1.7580986022949219,
        "preprocessing_time_per_url": 0.0017168931663036346,
        "warmup_batch_time": 69.16618347167969,
        "moving_tensor_to_device_per_batch_time_list": [
            1.0249614715576172,
            0.39696693420410156,
            0.40602684020996094,
            0.36525726318359375,
            0.36787986755371094,
            0.3809928894042969,
            0.36787986755371094,
            0.354766845703125,
            0.3724098205566406,
            0.3857612609863281,
            0.3578662872314453,
            0.3757476806640625,
            0.38933753967285156,
            0.34999847412109375,
            0.3638267517089844,
            0.37097930908203125
        ],
        "inference_per_batch_time_list": [
            57.53183364868164,
            16.85190200805664,
            16.50094985961914,
            16.1440372467041,
            16.95990562438965,
            16.889095306396484,
            16.49188995361328,
            16.618967056274414,
            16.655683517456055,
            16.38007164001465,
            17.20595359802246,
            16.538143157958984,
            16.536951065063477,
            16.661882400512695,
            16.366958618164062,
            16.741037368774414
        ],
        "overflow_bloom_filter_per_batch_time_list": [
            0.209808349609375,
            0.11014938354492188,
            0.10704994201660156,
            0.08440017700195312,
            0.10609626770019531,
            0.1049041748046875,
            0.09870529174804688,
            0.10800361633300781,
            0.10180473327636719,
            0.09226799011230469,
            0.11014938354492188,
            0.11491775512695312,
            0.10704994201660156,
            0.09918212890625,
            0.11301040649414062,
            0.10704994201660156
        ],
        "batch_total_latency_per_batch_time_list": [
            58.90297889709473,
            17.381906509399414,
            17.027854919433594,
            16.60633087158203,
            17.467975616455078,
            17.405033111572266,
            16.974687576293945,
            17.10796356201172,
            17.152070999145508,
            16.871929168701172,
            17.709016799926758,
            17.062902450561523,
            17.049312591552734,
            17.1358585357666,
            16.865015029907227,
            17.249107360839844
        ]
    },
    "size_metrics": {
        "model_size_bytes": 44868,
        "overflow_bloom_filter_size_bytes": 4430,
        "traditional_bloom_filter_size_bytes": 22462.584307360594
    },
    "traditional_bloom": {
        "traditional_bloom_positives": 192,
        "timing": {
            "total_time": 1.878976821899414,
            "time_per_url": 0.0018349383026361465,
            "urls_per_second": 544977.4515924375
        }
    },
    "batch_size": 64,
    "sample_size": 1024
}