{
    "model_positives": 149,
    "bloom_positives": 25,
    "total_positives": 174,
    "num_successful_urls": 1024,
    "failed_urls": [],
    "timing": {
        "total_preprocessing_time": 1.8260478973388672,
        "preprocessing_time_per_url": 0.0017832498997449875,
        "warmup_batch_time": 1.1057853698730469,
        "moving_tensor_to_device_per_batch_time_list": [
            0.10275840759277344,
            0.06389617919921875,
            0.08702278137207031,
            0.04792213439941406,
            0.04982948303222656,
            0.051975250244140625,
            0.051975250244140625,
            0.050067901611328125,
            0.04696846008300781,
            0.05817413330078125,
            0.05984306335449219,
            0.05602836608886719,
            0.04792213439941406,
            0.04696846008300781,
            0.04887580871582031,
            0.051975250244140625,
            0.06699562072753906,
            0.049114227294921875,
            0.04982948303222656,
            0.14638900756835938,
            0.052928924560546875,
            0.05078315734863281,
            0.06079673767089844,
            0.052928924560546875,
            0.049114227294921875,
            0.04887580871582031,
            0.053882598876953125,
            0.05030632019042969,
            0.04982948303222656,
            0.05078315734863281,
            0.049114227294921875,
            0.04601478576660156,
            0.04506111145019531,
            0.048160552978515625,
            0.04601478576660156,
            0.0438690185546875,
            0.047206878662109375,
            0.04506111145019531,
            0.04291534423828125,
            0.04291534423828125,
            0.04291534423828125,
            0.041961669921875,
            0.04482269287109375,
            0.041961669921875,
            0.041961669921875,
            0.041961669921875,
            0.04100799560546875,
            0.04291534423828125,
            0.04506111145019531,
            0.04506111145019531,
            0.0457763671875,
            0.04506111145019531,
            0.04982948303222656,
            0.04291534423828125,
            0.04291534423828125,
            0.041961669921875,
            0.04410743713378906,
            0.0457763671875,
            0.04506111145019531,
            0.04315376281738281,
            0.04410743713378906,
            0.047206878662109375,
            0.051975250244140625,
            0.04601478576660156
        ],
        "inference_per_batch_time_list": [
            3.419160842895508,
            1.293182373046875,
            1.1289119720458984,
            1.4030933380126953,
            1.0461807250976562,
            1.1370182037353516,
            1.226186752319336,
            1.0581016540527344,
            1.0571479797363281,
            1.4536380767822266,
            1.8301010131835938,
            1.1551380157470703,
            1.0840892791748047,
            1.074075698852539,
            1.264333724975586,
            1.3189315795898438,
            1.0988712310791016,
            1.0600090026855469,
            1.1320114135742188,
            1.2478828430175781,
            1.1069774627685547,
            1.1310577392578125,
            1.154184341430664,
            1.2249946594238281,
            1.0457038879394531,
            1.1839866638183594,
            1.081228256225586,
            1.2218952178955078,
            1.1069774627685547,
            1.1372566223144531,
            0.9918212890625,
            0.9758472442626953,
            1.0628700256347656,
            0.9839534759521484,
            0.9489059448242188,
            0.9748935699462891,
            1.1258125305175781,
            0.9949207305908203,
            1.0192394256591797,
            0.9071826934814453,
            0.9589195251464844,
            0.9558200836181641,
            0.8881092071533203,
            0.9129047393798828,
            0.9012222290039062,
            0.8919239044189453,
            0.8919239044189453,
            0.9939670562744141,
            0.8897781372070312,
            0.9191036224365234,
            0.9801387786865234,
            0.9248256683349609,
            0.9012222290039062,
            0.9081363677978516,
            0.8640289306640625,
            0.8919239044189453,
            1.0209083557128906,
            0.9379386901855469,
            0.9369850158691406,
            0.9419918060302734,
            1.0008811950683594,
            1.0440349578857422,
            0.9987354278564453,
            0.926971435546875
        ],
        "overflow_bloom_filter_per_batch_time_list": [
            0.08296966552734375,
            0.04100799560546875,
            0.03790855407714844,
            0.03600120544433594,
            0.030994415283203125,
            0.034809112548828125,
            0.03314018249511719,
            0.03218650817871094,
            0.030994415283203125,
            0.04887580871582031,
            0.03814697265625,
            0.030994415283203125,
            0.029802322387695312,
            0.032901763916015625,
            0.05507469177246094,
            0.03600120544433594,
            0.028133392333984375,
            0.031948089599609375,
            0.07700920104980469,
            0.03314018249511719,
            0.030994415283203125,
            0.04506111145019531,
            0.03600120544433594,
            0.029087066650390625,
            0.030040740966796875,
            0.03409385681152344,
            0.03409385681152344,
            0.029802322387695312,
            0.04029273986816406,
            0.03504753112792969,
            0.031948089599609375,
            0.03504753112792969,
            0.03504753112792969,
            0.029802322387695312,
            0.030040740966796875,
            0.03695487976074219,
            0.029802322387695312,
            0.026226043701171875,
            0.0209808349609375,
            0.028371810913085938,
            0.026226043701171875,
            0.023126602172851562,
            0.022649765014648438,
            0.025033950805664062,
            0.025033950805664062,
            0.0209808349609375,
            0.02193450927734375,
            0.027179718017578125,
            0.029325485229492188,
            0.0247955322265625,
            0.026702880859375,
            0.025033950805664062,
            0.02193450927734375,
            0.025272369384765625,
            0.025033950805664062,
            0.024080276489257812,
            0.027894973754882812,
            0.0209808349609375,
            0.026226043701171875,
            0.0247955322265625,
            0.031948089599609375,
            0.04076957702636719,
            0.029087066650390625,
            0.026702880859375
        ],