{
    "model_positives": 160,
    "bloom_positives": 30,
    "total_positives": 190,
    "num_successful_urls": 1024,
    "failed_urls": [],
    "timing": {
        "total_preprocessing_time": 1.699686050415039,
        "preprocessing_time_per_url": 0.0016598496586084366,
        "warmup_batch_time": 0.9050369262695312,
        "moving_tensor_to_device_per_batch_time_list": [
            0.13518333435058594,
            0.11014938354492188,
            0.10204315185546875,
            0.08893013000488281,
            0.09393692016601562,
            0.09298324584960938,
            0.09012222290039062,
            0.08988380432128906,
            0.24318695068359375,
            0.10395050048828125,
            0.09107589721679688,
            0.09298324584960938,
            0.09775161743164062,
            0.09703636169433594,
            0.08988380432128906,
            0.2608299255371094,
            0.09799003601074219,
            0.08988380432128906,
            0.08320808410644531,
            0.08988380432128906,
            0.08296966552734375,
            0.08296966552734375,
            0.1049041748046875,
            0.0820159912109375,
            0.09107589721679688,
            0.095367431640625,
            0.08320808410644531,
            0.0820159912109375,
            0.08392333984375,
            0.08225440979003906,
            0.07987022399902344,
            0.07915496826171875
        ],
        "inference_per_batch_time_list": [
            2.2389888763427734,
            2.653837203979492,
            1.5189647674560547,
            1.7049312591552734,
            1.6391277313232422,
            1.522064208984375,
            1.3480186462402344,
            1.2950897216796875,
            2.4437904357910156,
            1.4979839324951172,
            1.3630390167236328,
            1.6162395477294922,
            1.4870166778564453,
            1.8050670623779297,
            1.348257064819336,
            2.192258834838867,
            1.317739486694336,
            1.2462139129638672,
            1.2590885162353516,
            1.1942386627197266,
            1.1451244354248047,
            1.1589527130126953,
            1.2233257293701172,
            1.4672279357910156,
            1.5990734100341797,
            1.2049674987792969,
            1.1820793151855469,
            1.188039779663086,
            1.232147216796875,
            1.2478828430175781,
            1.1818408966064453,
            1.1577606201171875
        ],
        "overflow_bloom_filter_per_batch_time_list": [
            0.14901161193847656,
            0.06604194641113281,
            0.05125999450683594,
            0.0629425048828125,
            0.05602836608886719,
            0.051975250244140625,
            0.051975250244140625,
            0.04792213439941406,
            0.07891654968261719,
            0.05030632019042969,
            0.051975250244140625,
            0.06103515625,
            0.05507469177246094,
            0.05412101745605469,
            0.0629425048828125,
            0.051975250244140625,
            0.05507469177246094,
            0.051975250244140625,
            0.05626678466796875,
            0.04792213439941406,
            0.04792213439941406,
            0.050067901611328125,
            0.0400543212890625,
            0.05412101745605469,
            0.05698204040527344,
            0.05507469177246094,
            0.04792213439941406,
            0.04029273986816406,
            0.051975250244140625,
            0.041961669921875,
            0.04982948303222656,
            0.04506111145019531
        ],
        "batch_total_latency_per_batch_time_list": [
            2.6390552520751953,
            2.8731822967529297,
            1.6942024230957031,
            1.889944076538086,
            1.8160343170166016,
            1.6851425170898438,
            1.5039443969726562,
            1.4410018920898438,
            2.8040409088134766,
            1.6760826110839844,
            1.5208721160888672,
            1.7969608306884766,
            1.6639232635498047,
            1.9810199737548828,
            1.5120506286621094,
            2.5370121002197266,
            1.4829635620117188,
            1.3968944549560547,
            1.4111995697021484,
            1.3399124145507812,
            1.2819766998291016,
            1.2969970703125,
            1.3740062713623047,
            1.6222000122070312,
            1.764059066772461,
            1.3649463653564453,
            1.3201236724853516,
            1.3172626495361328,
            1.3790130615234375,
            1.3780593872070312,
            1.3167858123779297,
            1.2888908386230469
        ]
    },
    "size_metrics": {
        "model_size_bytes": 108164,
        "overflow_bloom_filter_size_bytes": 3438,
        "traditional_bloom_filter_size_bytes": 22462.584307360594
    },
    "traditional_bloom": {
        "traditional_bloom_positives": 189,
        "timing": {
            "total_time": 1.77001953125,
            "time_per_url": 0.0017285346984863281,
            "urls_per_second": 578524.6896551724
        }
    },
    "batch_size": 32,
    "sample_size": 1024
}