{
    "model_positives": 165,
    "bloom_positives": 32,
    "total_positives": 197,
    "num_successful_urls": 1024,
    "failed_urls": [],
    "timing": {
        "total_preprocessing_time": 1.775979995727539,
        "preprocessing_time_per_url": 0.0017343554645776749,
        "warmup_batch_time": 1.1038780212402344,
        "moving_tensor_to_device_per_batch_time_list": [
            0.2167224884033203,
            0.16999244689941406,
            0.17571449279785156,
            0.16808509826660156,
            0.18835067749023438,
            0.1659393310546875,
            0.2391338348388672,
            0.18095970153808594,
            0.17309188842773438,
            0.1659393310546875,
            0.1652240753173828,
            0.16188621520996094,
            0.16999244689941406,
            0.16927719116210938,
            0.1590251922607422,
            0.15687942504882812
        ],
        "inference_per_batch_time_list": [
            3.099203109741211,
            3.271818161010742,
            2.5751590728759766,
            2.0580291748046875,
            2.1209716796875,
            1.834869384765625,
            3.036975860595703,
            2.0720958709716797,
            1.8711090087890625,
            1.7709732055664062,
            1.8029212951660156,
            2.2118091583251953,
            2.337217330932617,
            1.9068717956542969,
            1.8870830535888672,
            1.6829967498779297
        ],
        "overflow_bloom_filter_per_batch_time_list": [
            0.12993812561035156,
            0.11515617370605469,
            0.10395050048828125,
            0.10013580322265625,
            0.10204315185546875,
            0.102996826171875,
            0.10275840759277344,
            0.10323524475097656,
            0.09584426879882812,
            0.09894371032714844,
            0.09703636169433594,
            0.10395050048828125,
            0.10514259338378906,
            0.08916854858398438,
            0.09298324584960938,
            0.08296966552734375
        ],
        "batch_total_latency_per_batch_time_list": [
            3.549814224243164,
            3.595590591430664,
            2.876758575439453,
            2.3522377014160156,
            2.4352073669433594,
            2.1219253540039062,
            3.410816192626953,
            2.3789405822753906,
            2.156972885131836,
            2.0499229431152344,
            2.0771026611328125,
            2.513885498046875,
            2.63214111328125,
            2.1791458129882812,
            2.1500587463378906,
            1.931905746459961
        ]
    },
    "size_metrics": {
        "model_size_bytes": 108164,
        "overflow_bloom_filter_size_bytes": 3438,
        "traditional_bloom_filter_size_bytes": 22462.584307360594
    },
    "traditional_bloom": {
        "traditional_bloom_positives": 200,
        "timing": {
            "total_time": 1.8041133880615234,
            "time_per_url": 0.0017618294805288315,
            "urls_per_second": 567591.8192150126
        }
    },
    "batch_size": 64,
    "sample_size": 1024
}