{
    "model_positives": 160,
    "bloom_positives": 48,
    "total_positives": 208,
    "num_successful_urls": 1024,
    "failed_urls": [],
    "timing": {
        "total_preprocessing_time": 1.5919208526611328,
        "preprocessing_time_per_url": 0.0015546102076768875,
        "warmup_batch_time": 0.9961128234863281,
        "moving_tensor_to_device_per_batch_time_list": [
            0.48422813415527344,
            0.1780986785888672,
            0.1678466796875,
            0.17571449279785156,
            0.16689300537109375,
            0.16999244689941406,
            0.35119056701660156,
            0.26798248291015625,
            0.1709461212158203,
            0.16498565673828125,
            0.16736984252929688,
            0.16427040100097656,
            0.1621246337890625,
            0.16307830810546875,
            0.16307830810546875,
            0.17309188842773438
        ],
        "inference_per_batch_time_list": [
            2.8688907623291016,
            1.2507438659667969,
            1.7490386962890625,
            1.1091232299804688,
            1.1050701141357422,
            1.1119842529296875,
            1.3740062713623047,
            1.44195556640625,
            1.238107681274414,
            1.0797977447509766,
            1.0197162628173828,
            1.119852066040039,
            1.0187625885009766,
            1.130819320678711,
            1.2328624725341797,
            1.2178421020507812
        ],
        "overflow_bloom_filter_per_batch_time_list": [
            0.15616416931152344,
            0.10800361633300781,
            0.11587142944335938,
            0.09918212890625,
            0.09489059448242188,
            0.11014938354492188,
            0.11086463928222656,
            0.10919570922851562,
            0.09918212890625,
            0.10585784912109375,
            0.08392333984375,
            0.09512901306152344,
            0.08606910705566406,
            0.08702278137207031,
            0.14328956604003906,
            0.09012222290039062
        ],
        "batch_total_latency_per_batch_time_list": [
            3.6101341247558594,
            1.5568733215332031,
            2.0647048950195312,
            1.399993896484375,
            1.3818740844726562,
            1.4121532440185547,
            1.8680095672607422,
            1.85394287109375,
            1.5211105346679688,
            1.3637542724609375,
            1.2791156768798828,
            1.3892650604248047,
            1.2748241424560547,
            1.3878345489501953,
            1.5561580657958984,
            1.4939308166503906
        ]
    },
    "size_metrics": {
        "model_size_bytes": 20132,
        "overflow_bloom_filter_size_bytes": 6137,
        "traditional_bloom_filter_size_bytes": 22462.584307360594
    },
    "traditional_bloom": {
        "traditional_bloom_positives": 212,
        "timing": {
            "total_time": 1.7840862274169922,
            "time_per_url": 0.0017422717064619064,
            "urls_per_second": 573963.2895897367
        }
    },
    "batch_size": 64,
    "sample_size": 1024
}