{
    "model_positives": 156,
    "bloom_positives": 45,
    "total_positives": 201,
    "num_successful_urls": 1024,
    "failed_urls": [],
    "timing": {
        "total_preprocessing_time": 1.6520023345947266,
        "preprocessing_time_per_url": 0.0016132835298776627,
        "warmup_batch_time": 0.7970333099365234,
        "moving_tensor_to_device_per_batch_time_list": [
            0.15306472778320312,
            0.09608268737792969,
            0.08392333984375,
            0.08606910705566406,
            0.08702278137207031,
            0.08487701416015625,
            0.08416175842285156,
            0.08392333984375,
            0.08296966552734375,
            0.09012222290039062,
            0.08392333984375,
            0.1239776611328125,
            0.09179115295410156,
            0.0858306884765625,
            0.0858306884765625,
            0.08487701416015625,
            0.08392333984375,
            0.08177757263183594,
            0.08296966552734375,
            0.08320808410644531,
            0.08296966552734375,
            0.0820159912109375,
            0.08177757263183594,
            0.07867813110351562,
            0.08225440979003906,
            0.07987022399902344,
            0.080108642578125,
            0.080108642578125,
            0.080108642578125,
            0.09512901306152344,
            0.080108642578125,
            0.07915496826171875
        ],
        "inference_per_batch_time_list": [
            2.135038375854492,
            0.9169578552246094,
            1.1210441589355469,
            1.1966228485107422,
            0.9341239929199219,
            0.8511543273925781,
            0.8738040924072266,
            0.9589195251464844,
            1.0409355163574219,
            0.8490085601806641,
            0.8440017700195312,
            1.0371208190917969,
            1.0471343994140625,
            0.8790493011474609,
            0.8790493011474609,
            1.1153221130371094,
            0.8351802825927734,
            0.8392333984375,
            0.8571147918701172,
            0.8111000061035156,
            0.7898807525634766,
            0.78582763671875,
            0.7770061492919922,
            1.0981559753417969,
            0.7939338684082031,
            0.7581710815429688,
            0.7529258728027344,
            0.7619857788085938,
            0.7491111755371094,
            0.7510185241699219,
            0.7560253143310547,
            0.7500648498535156
        ],
        "overflow_bloom_filter_per_batch_time_list": [
            0.10824203491210938,
            0.052928924560546875,
            0.05507469177246094,
            0.05793571472167969,
            0.051021575927734375,
            0.04792213439941406,
            0.051021575927734375,
            0.04506111145019531,
            0.05412101745605469,
            0.04982948303222656,
            0.05412101745605469,
            0.06079673767089844,
            0.05888938903808594,
            0.04887580871582031,
            0.04696846008300781,
            0.041961669921875,
            0.050067901611328125,
            0.051975250244140625,
            0.05507469177246094,
            0.04601478576660156,
            0.047206878662109375,
            0.04410743713378906,
            0.04696846008300781,
            0.05602836608886719,
            0.04887580871582031,
            0.04696846008300781,
            0.04100799560546875,
            0.051021575927734375,
            0.04291534423828125,
            0.041961669921875,
            0.03814697265625,
            0.05030632019042969
        ],
        "batch_total_latency_per_batch_time_list": [
            2.4890899658203125,
            1.081228256225586,
            1.27410888671875,
            1.3527870178222656,
            1.0831356048583984,
            0.9908676147460938,
            1.0180473327636719,
            1.0941028594970703,
            1.1930465698242188,
            0.9961128234863281,
            0.9920597076416016,
            1.2438297271728516,
            1.2118816375732422,
            1.0218620300292969,
            1.0218620300292969,
            1.2509822845458984,
            0.9751319885253906,
            0.9808540344238281,
            1.001119613647461,
            0.9462833404541016,
            0.9248256683349609,
            0.9171962738037109,
            0.9098052978515625,
            1.2469291687011719,
            0.9312629699707031,
            0.8900165557861328,
            0.8790493011474609,
            0.8981227874755859,
            0.8771419525146484,
            0.8931159973144531,
            0.8800029754638672,
            0.8833408355712891
        ]
    },
    "size_metrics": {
        "model_size_bytes": 20132,
        "overflow_bloom_filter_size_bytes": 6137,
        "traditional_bloom_filter_size_bytes": 22462.584307360594
    },
    "traditional_bloom": {
        "traditional_bloom_positives": 202,
        "timing": {
            "total_time": 2.4559497833251953,
            "time_per_url": 0.002398388460278511,
            "urls_per_second": 416946.6358605961
        }
    },
    "batch_size": 32,
    "sample_size": 1024
}