{
    "model_positives": 128,
    "bloom_positives": 57,
    "total_positives": 185,
    "num_successful_urls": 1024,
    "failed_urls": [],
    "timing": {
        "total_preprocessing_time": 1.7571449279785156,
        "preprocessing_time_per_url": 0.0017159618437290192,
        "warmup_batch_time": 1.422882080078125,
        "moving_tensor_to_device_per_batch_time_list": [
            0.10609626770019531,
            0.04601478576660156,
            0.04673004150390625,
            0.04506111145019531,
            0.04506111145019531,
            0.04482269287109375,
            0.04792213439941406,
            0.046253204345703125,
            0.04410743713378906,
            0.05078315734863281,
            0.051021575927734375,
            0.05698204040527344,
            0.05507469177246094,
            0.04506111145019531,
            0.04506111145019531,
            0.04696846008300781,
            0.04506111145019531,
            0.04410743713378906,
            0.04410743713378906,
            0.04410743713378906,
            0.04506111145019531,
            0.04291534423828125,
            0.04410743713378906,
            0.04887580871582031,
            0.052928924560546875,
            0.04506111145019531,
            0.04506111145019531,
            0.04482269287109375,
            0.0438690185546875,
            0.04410743713378906,
            0.04410743713378906,
            0.04410743713378906,
            0.04482269287109375,
            0.04291534423828125,
            0.04291534423828125,
            0.04291534423828125,
            0.04410743713378906,
            0.041961669921875,
            0.04315376281738281,
            0.041961669921875,
            0.0457763671875,
            0.04410743713378906,
            0.04410743713378906,
            0.04291534423828125,
            0.04291534423828125,
            0.04291534423828125,
            0.04291534423828125,
            0.04315376281738281,
            0.04315376281738281,
            0.041961669921875,
            0.041961669921875,
            0.04100799560546875,
            0.04100799560546875,
            0.04410743713378906,
            0.041961669921875,
            0.041961669921875,
            0.041961669921875,
            0.04482269287109375,
            0.04291534423828125,
            0.041961669921875,
            0.041961669921875,
            0.04220008850097656,
            0.04076957702636719,
            0.04220008850097656
        ],
        "inference_per_batch_time_list": [
            1.2316703796386719,
            0.7560253143310547,
            0.7312297821044922,
            0.7369518280029297,
            0.7309913635253906,
            0.7171630859375,
            0.8151531219482422,
            0.7266998291015625,
            0.9279251098632812,
            1.0402202606201172,
            1.4357566833496094,
            0.9829998016357422,
            0.8420944213867188,
            0.7250308990478516,
            0.7250308990478516,
            0.7150173187255859,
            0.7238388061523438,
            0.7166862487792969,
            0.7128715515136719,
            0.7081031799316406,
            0.7128715515136719,
            0.7178783416748047,
            0.8068084716796875,
            0.8630752563476562,
            0.7450580596923828,
            0.7131099700927734,
            0.7088184356689453,
            0.7040500640869141,
            0.7040500640869141,
            0.7040500640869141,
            0.6949901580810547,
            0.7050037384033203,
            0.6792545318603516,
            0.6530284881591797,
            0.6549358367919922,
            0.659942626953125,
            0.6549358367919922,
            0.6568431854248047,
            0.6647109985351562,
            0.7863044738769531,
            0.7159709930419922,
            0.7050037384033203,
            0.6849765777587891,
            0.6761550903320312,
            0.6759166717529297,
            0.6792545318603516,
            0.6940364837646484,
            0.6902217864990234,
            0.6849765777587891,
            0.6861686706542969,
            0.6792545318603516,
            0.6861686706542969,
            0.6940364837646484,
            0.6849765777587891,
            0.6892681121826172,
            0.6849765777587891,
            0.7541179656982422,
            0.7259845733642578,
            0.6909370422363281,
            0.6761550903320312,
            0.6768703460693359,
            0.6759166717529297,
            0.6811618804931641,
            0.6778240203857422
        ],
        "overflow_bloom_filter_per_batch_time_list": [
            0.08511543273925781,
            0.030040740966796875,
            0.028133392333984375,
            0.028133392333984375,
            0.029802322387695312,
            0.025987625122070312,
            0.025987625122070312,
            0.02288818359375,
            0.031948089599609375,
            0.029087066650390625,
            0.03409385681152344,
            0.032901763916015625,
            0.025272369384765625,
            0.026941299438476562,
            0.024080276489257812,
            0.030040740966796875,
            0.0209808349609375,
            0.025033950805664062,
            0.02193450927734375,
            0.02193450927734375,
            0.024080276489257812,
            0.025033950805664062,
            0.028848648071289062,
            0.029087066650390625,
            0.029325485229492188,
            0.02574920654296875,
            0.02288818359375,
            0.024080276489257812,
            0.025987625122070312,
            0.026941299438476562,
            0.027894973754882812,
            0.027179718017578125,
            0.028133392333984375,
            0.024080276489257812,
            0.023126602172851562,
            0.022649765014648438,
            0.02002716064453125,
            0.027179718017578125,
            0.026226043701171875,
            0.030279159545898438,
            0.027179718017578125,
            0.025033950805664062,
            0.027179718017578125,
            0.024080276489257812,
            0.02384185791015625,
            0.026226043701171875,
            0.027179718017578125,
            0.024080276489257812,
            0.022172927856445312,
            0.0209808349609375,
            0.027179718017578125,
            0.02193450927734375,
            0.024080276489257812,
            0.02193450927734375,
            0.025033950805664062,
            0.023603439331054688,
            0.026941299438476562,
            0.029325485229492188,
            0.026941299438476562,
            0.023603439331054688,
            0.022172927856445312,
            0.025987625122070312,
            0.025987625122070312,
            0.027894973754882812
        ],